,Unnamed: 0,id,season,week,seasonType,startDate,startTimeTBD,completed,neutralSite,conferenceGame,attendance,venueId,venue,homeId,homeTeam,homeClassification,homeConference,homePoints,homeLineScores,homePostgameWinProbability,homePregameElo,homePostgameElo,awayId,awayTeam,awayClassification,awayConference,awayPoints,awayLineScores,awayPostgameWinProbability,awayPregameElo,awayPostgameElo,excitementIndex,highlights,notes,pointsDifference,closeGame
1,1,401014972,2018,1,regular,2018-08-25T23:00:00.000Z,False,True,False,False,20050,3895,Rice Stadium,242,Rice,fbs,Conference USA,31,"[13, 6, 0, 12]",0.416111979769047,,,2504,Prairie View A&M,fcs,SWAC,28,"[0, 21, 7, 0]",0.5838880202309529,,,5.6012773743,https://www.youtube.com/watch?v=z2VFteZqBBw,,3,True
6,6,401021651,2018,1,regular,2018-08-30T23:00:00.000Z,False,True,False,False,23088,4246,Center Parc Stadium,2247,Georgia State,fbs,Sun Belt,24,"[0, 14, 0, 10]",0.869590187971506,,,338,Kennesaw State,fcs,Big South,20,"[7, 7, 6, 0]",0.130409812028494,,,5.8512641491,https://www.youtube.com/watch?v=kUls9PpCkuc,,4,True
9,9,401013086,2018,1,regular,2018-08-31T00:00:00.000Z,False,True,False,False,15478,4729,Yulman Stadium,2655,Tulane,fbs,American Athletic,17,"[0, 0, 14, 3, 0]",0.2196613212325033,1390.0,1393.0,154,Wake Forest,fbs,ACC,23,"[0, 7, 3, 7, 6]",0.7803386787674967,1591.0,1588.0,9.7884823983,https://www.youtube.com/watch?v=9Pgaey84Fhw,,-6,True
12,12,401013342,2018,1,regular,2018-08-31T00:00:00.000Z,False,True,False,True,47410,3907,Ross-Ade Stadium,2509,Purdue,fbs,Big Ten,27,"[14, 3, 7, 3]",0.1520658000204693,1555.0,1557.0,77,Northwestern,fbs,Big Ten,31,"[14, 17, 0, 0]",0.8479341999795307,1691.0,1689.0,6.6741715963,https://www.youtube.com/watch?v=6zZEHpc246A,,-4,True
13,13,401021655,2018,1,regular,2018-08-31T00:00:00.000Z,False,True,False,False,10137,3817,Malone Stadium,2433,UL Monroe,fbs,Sun Belt,34,"[7, 9, 10, 8]",0.5720859305615573,,,2545,SE Louisiana,fcs,Southland,31,"[14, 7, 0, 10]",0.4279140694384427,,,8.4160129207,,,3,True
15,15,401022511,2018,1,regular,2018-08-31T02:00:00.000Z,False,True,False,False,12675,3935,CEFCU Stadium,23,San José State,fbs,Mountain West,38,"[14, 7, 10, 7]",0.2255818432658651,,,302,UC Davis,fcs,Big Sky,44,"[14, 21, 2, 7]",0.7744181567341348,,,5.5811874724,,,-6,True
18,18,401012880,2018,1,regular,2018-08-31T23:00:00.000Z,False,True,False,False,73114,3936,Spartan Stadium,127,Michigan State,fbs,Big Ten,38,"[6, 14, 7, 11]",0.906183590742433,1623.0,1624.0,328,Utah State,fbs,Mountain West,31,"[7, 7, 10, 7]",0.0938164092575669,1475.0,1474.0,4.1366972475,https://www.youtube.com/watch?v=BtDvvMyLLAg,,7,True
24,24,401012872,2018,1,regular,2018-09-01T16:00:00.000Z,False,True,True,False,47641,3719,Northwest Stadium,120,Maryland,fbs,Big Ten,34,"[14, 10, 0, 10]",0.9131500976054452,1302.0,1336.0,251,Texas,fbs,Big 12,29,"[7, 15, 7, 0]",0.0868499023945547,1657.0,1623.0,9.13837292739999,https://www.youtube.com/watch?v=kD6TOpVQ5i0,,5,True
28,28,401019473,2018,1,regular,2018-09-01T16:00:00.000Z,False,True,False,False,32357,3806,Lincoln Financial Field,218,Temple,fbs,American Athletic,17,"[3, 7, 7, 0]",0.0801801801065198,,,222,Villanova,fcs,CAA,19,"[13, 0, 0, 6]",0.9198198198934802,,,6.43306846939999,https://www.youtube.com/watch?v=2WuHl4W40Nw,,-2,True
33,33,401012804,2018,1,regular,2018-09-01T16:00:00.000Z,False,True,False,False,31898,3832,"Memorial Stadium (Champaign, IL)",356,Illinois,fbs,Big Ten,31,"[3, 0, 21, 7]",0.8340153107033903,1305.0,1305.0,2309,Kent State,fbs,Mid-American,24,"[7, 10, 7, 0]",0.1659846892966097,1129.0,1129.0,6.71988011069999,https://www.youtube.com/watch?v=2uMx20-ZiOE,,7,True
39,39,401020675,2018,1,regular,2018-09-01T18:00:00.000Z,False,True,False,False,18275,3876,Peden Stadium,195,Ohio,fbs,Mid-American,38,"[3, 14, 14, 7]",0.4527258093446935,,,47,Howard,fcs,MEAC,32,"[10, 12, 7, 3]",0.5472741906553065,,,3.8302068262,,,6,True
43,43,401012248,2018,1,regular,2018-09-01T19:30:00.000Z,False,True,True,False,70103,5348,Mercedes-Benz Stadium,2,Auburn,fbs,SEC,21,"[9, 6, 0, 6]",0.6081821946558714,1829.0,1840.0,264,Washington,fbs,Pac-12,16,"[3, 10, 0, 3]",0.3918178053441286,1839.0,1828.0,7.48070415839999,https://www.youtube.com/watch?v=9RBQOKEFC0c,,5,True
46,46,401013349,2018,1,regular,2018-09-01T19:30:00.000Z,False,True,False,False,105232,3632,Beaver Stadium,213,Penn State,fbs,Big Ten,45,"[7, 3, 14, 14, 7]",0.980509601522245,1923.0,1918.0,2026,App State,fbs,Sun Belt,38,"[10, 0, 0, 28, 0]",0.019490398477755,1652.0,1657.0,6.47689498139999,https://www.youtube.com/watch?v=aMSClbb0CXw,,7,True
49,49,401012684,2018,1,regular,2018-09-01T20:00:00.000Z,False,True,False,False,42168,3831,California Memorial Stadium,25,California,fbs,Pac-12,24,"[7, 10, 7, 0]",0.8968200177849878,1556.0,1560.0,153,North Carolina,fbs,ACC,17,"[0, 0, 3, 14]",0.1031799822150122,1461.0,1457.0,3.2874759002,https://www.youtube.com/watch?v=2FHV0wgV0CE,,7,True
56,56,401014975,2018,1,regular,2018-09-01T22:00:00.000Z,False,True,False,False,15827,3996,Yager Stadium,193,Miami (OH),fbs,Mid-American,28,"[0, 7, 7, 14]",0.2914353097621623,1385.0,1379.0,276,Marshall,fbs,Conference USA,35,"[14, 7, 7, 7]",0.7085646902378377,1476.0,1482.0,5.2033164459,https://www.youtube.com/watch?v=5XJe-85pzBM,,-7,True
62,62,401013057,2018,1,regular,2018-09-01T23:00:00.000Z,False,True,False,False,50063,3636,Bill Snyder Family Stadium,2306,Kansas State,fbs,Big 12,27,"[3, 9, 0, 15]",0.5711801005392997,,,233,South Dakota,fcs,MVFC,24,"[10, 14, 0, 0]",0.4288198994607003,,,7.73617338379999,https://www.youtube.com/watch?v=gMbrkMbG29c,,3,True
64,64,401013048,2018,1,regular,2018-09-01T23:00:00.000Z,False,True,False,False,24305,3833,Memorial Stadium,2305,Kansas,fbs,Big 12,23,"[7, 3, 0, 10, 3]",0.1557868834262069,,,2447,Nicholls,fcs,Southland,26,"[7, 3, 7, 3, 6]",0.844213116573793,,,9.41128064859999,https://www.youtube.com/watch?v=sC1A1nORhXo,,-3,True
66,66,401014974,2018,1,regular,2018-09-01T23:00:00.000Z,False,True,False,False,13457,3797,Ladd Peebles Stadium,6,South Alabama,fbs,Sun Belt,26,"[0, 7, 6, 13]",0.1734663382982781,1233.0,1245.0,2348,Louisiana Tech,fbs,Conference USA,30,"[7, 13, 3, 7]",0.8265336617017218,1537.0,1525.0,3.39524150609999,,,-4,True
76,76,401012888,2018,1,regular,2018-09-01T23:30:00.000Z,False,True,False,False,77622,3855,Notre Dame Stadium,87,Notre Dame,fbs,FBS Independents,24,"[14, 7, 3, 0]",0.92783043145901,1723.0,1731.0,130,Michigan,fbs,Big Ten,17,"[0, 10, 0, 7]",0.0721695685409899,1701.0,1693.0,4.2446507286,https://www.youtube.com/watch?v=reeW5x_QkMU,,7,True
83,83,401012676,2018,1,regular,2018-09-02T02:45:00.000Z,False,True,False,False,51002,3619,Arizona Stadium,12,Arizona,fbs,Pac-12,23,"[0, 10, 0, 13]",0.252378224443892,1513.0,1496.0,252,BYU,fbs,FBS Independents,28,"[0, 7, 21, 0]",0.747621775556108,1395.0,1412.0,5.07418613049999,https://www.youtube.com/watch?v=_no6VO2XeGI,,-5,True
85,85,401079833,2018,1,regular,2018-09-02T19:30:00.000Z,False,True,False,False,38640,3699,Dowdy-Ficklen Stadium,151,East Carolina,fbs,American Athletic,23,"[3, 14, 3, 3]",0.4801521413827188,,,2448,North Carolina A&T,fcs,MEAC,28,"[7, 7, 0, 14]",0.5198478586172812,,,6.9631012532,https://www.youtube.com/watch?v=6i-7cmf6uCU,,-5,True
94,94,401013352,2018,2,regular,2018-09-08T16:00:00.000Z,False,True,False,False,47661,3907,Ross-Ade Stadium,2509,Purdue,fbs,Big Ten,19,"[6, 6, 0, 7]",0.4314817253888086,1557.0,1550.0,2199,Eastern Michigan,fbs,Mid-American,20,"[7, 3, 0, 10]",0.5685182746111914,1432.0,1439.0,7.69645279699999,https://www.youtube.com/watch?v=-h0zqWZV5To,,-1,True
104,104,401014983,2018,2,regular,2018-09-08T18:00:00.000Z,False,True,False,False,24101,3715,FAU Stadium,2226,Florida Atlantic,fbs,Conference USA,33,"[6, 13, 6, 8]",0.997780703490316,1526.0,1531.0,2005,Air Force,fbs,Mountain West,26,"[0, 7, 13, 6]",0.0022192965096841,1448.0,1443.0,3.855394349,https://www.youtube.com/watch?v=vcDZC8qI3ok,,7,True
107,107,401019479,2018,2,regular,2018-09-08T19:30:00.000Z,False,True,False,True,31762,3852,Navy-Marine Corps Memorial Stadium,2426,Navy,fbs,American Athletic,22,"[3, 6, 0, 13]",0.825793142104825,1552.0,1558.0,235,Memphis,fbs,American Athletic,21,"[0, 7, 14, 0]",0.1742068578951749,1723.0,1717.0,6.85829600029999,https://www.youtube.com/watch?v=MWzd7EMa7UE,,1,True
108,108,401013377,2018,2,regular,2018-09-08T19:30:00.000Z,False,True,False,False,77622,3855,Notre Dame Stadium,87,Notre Dame,fbs,FBS Independents,24,"[7, 7, 10, 0]",0.91761444832322,1731.0,1707.0,2050,Ball State,fbs,Mid-American,16,"[3, 3, 0, 10]",0.0823855516767798,1071.0,1095.0,1.00326135749999,https://www.youtube.com/watch?v=yzZV3ylUXdI,,8,True
110,110,401019478,2018,2,regular,2018-09-08T19:30:00.000Z,False,True,False,False,25511,3806,Lincoln Financial Field,218,Temple,fbs,American Athletic,29,"[0, 7, 7, 15]",0.015724434545273,1535.0,1508.0,2084,Buffalo,fbs,Mid-American,36,"[6, 6, 10, 14]",0.9842755654547268,1372.0,1399.0,7.1623006009,https://www.youtube.com/watch?v=A5KwKCg527U,,-7,True
113,113,401012729,2018,2,regular,2018-09-08T19:30:00.000Z,False,True,False,False,89853,3834,"Memorial Stadium (Lincoln, NE)",158,Nebraska,fbs,Big Ten,28,"[7, 14, 7, 0]",0.2150291026667365,1394.0,1398.0,38,Colorado,fbs,Pac-12,33,"[14, 3, 10, 6]",0.7849708973332634,1576.0,1572.0,10.3640151619,https://www.youtube.com/watch?v=kppmdIUtNTc,,-5,True
133,133,401014989,2018,2,regular,2018-09-08T23:00:00.000Z,False,True,False,False,19579,3815,M. M. Roberts Stadium,2572,Southern Miss,fbs,Conference USA,20,"[10, 7, 3, 0]",0.5777523689910429,1420.0,1412.0,2433,UL Monroe,fbs,Sun Belt,21,"[14, 0, 7, 0]",0.4222476310089571,1289.0,1297.0,8.9236472399,https://www.youtube.com/watch?v=jf6HwHeYVNQ,,-1,True
134,134,401012270,2018,2,regular,2018-09-08T23:00:00.000Z,False,True,False,False,104794,3795,Kyle Field,245,Texas A&M,fbs,SEC,26,"[3, 0, 10, 13]",0.9903228699256638,1609.0,1622.0,228,Clemson,fbs,ACC,28,"[7, 7, 14, 0]",0.0096771300743362,1907.0,1894.0,3.6700416206,https://www.youtube.com/watch?v=bUzDby59Z0c,,-2,True
145,145,401014992,2018,2,regular,2018-09-08T23:30:00.000Z,False,True,False,False,15718,3796,Houchens Industries-L.T. Smith Stadium,98,Western Kentucky,fbs,Conference USA,28,"[21, 0, 0, 7]",0.2525345801642947,,,311,Maine,fcs,CAA,31,"[0, 14, 14, 3]",0.7474654198357054,,,6.3682250399,https://www.youtube.com/watch?v=ea9gJNLFOi4,,-3,True
146,146,401014982,2018,2,regular,2018-09-08T23:30:00.000Z,False,True,False,True,19243,3918,S.B. Ballard Stadium,295,Old Dominion,fbs,Conference USA,20,"[7, 13, 0, 0]",0.1675482325031102,1154.0,1155.0,2229,Florida International,fbs,Conference USA,28,"[0, 14, 14, 0]",0.8324517674968898,1372.0,1371.0,6.9894945464,https://www.youtube.com/watch?v=k-KWuSaQ56c,,-8,True
147,147,401013329,2018,2,regular,2018-09-08T23:30:00.000Z,False,True,False,False,38280,3953,Huntington Bank Stadium,135,Minnesota,fbs,Big Ten,21,"[7, 3, 0, 11]",0.9774495351098,1582.0,1588.0,278,Fresno State,fbs,Mountain West,14,"[0, 0, 7, 7]",0.0225504648901998,1519.0,1513.0,7.4405142218,https://www.youtube.com/watch?v=Ui3GiqjE4dM,,7,True
149,149,401012261,2018,2,regular,2018-09-08T23:30:00.000Z,False,True,False,False,31894,5388,Canvas Stadium,36,Colorado State,fbs,Mountain West,34,"[3, 6, 8, 17]",0.8267273040695382,1401.0,1414.0,8,Arkansas,fbs,SEC,27,"[7, 6, 14, 0]",0.1732726959304618,1461.0,1448.0,4.8656134387,https://www.youtube.com/watch?v=lqFMRZvoibc,,7,True
150,150,401012852,2018,2,regular,2018-09-08T23:30:00.000Z,False,True,False,False,35492,3830,"Memorial Stadium (Bloomington, IN)",84,Indiana,fbs,Big Ten,20,"[13, 7, 0, 0]",0.9346136298596897,1564.0,1562.0,258,Virginia,fbs,ACC,16,"[9, 0, 7, 0]",0.0653863701403103,1375.0,1377.0,5.7957513928,https://www.youtube.com/watch?v=FDMt0_C5tvQ,,4,True
152,152,401013319,2018,2,regular,2018-09-09T00:00:00.000Z,False,True,False,False,90563,3910,DKR-Texas Memorial Stadium,251,Texas,fbs,Big 12,28,"[14, 7, 0, 7]",0.84514293449051,1623.0,1623.0,202,Tulsa,fbs,American Athletic,21,"[0, 0, 7, 14]",0.1548570655094899,1439.0,1439.0,1.2609870598,https://www.youtube.com/watch?v=XgN5ONYikOk,,7,True
161,161,401012735,2018,2,regular,2018-09-09T02:15:00.000Z,False,True,False,False,52602,3801,LaVell Edwards Stadium,252,BYU,fbs,FBS Independents,18,"[0, 3, 7, 8]",0.5301715309810047,1412.0,1416.0,25,California,fbs,Pac-12,21,"[7, 0, 7, 7]",0.4698284690189953,1560.0,1556.0,6.43988763869999,https://www.youtube.com/watch?v=U_y6zU0QH0E,,-3,True
163,163,401012727,2018,2,regular,2018-09-09T02:45:00.000Z,False,True,False,False,53599,3947,Mountain America Stadium,9,Arizona State,fbs,Pac-12,16,"[0, 0, 3, 13]",0.6319057651595353,1612.0,1613.0,127,Michigan State,fbs,Big Ten,13,"[0, 3, 10, 0]",0.3680942348404646,1624.0,1623.0,7.8041556334,https://www.youtube.com/watch?v=U0MAqq6xIyQ,,3,True
167,167,401014993,2018,3,regular,2018-09-13T20:00:00.000Z,False,True,False,True,8204,4418,Jerry Richardson Stadium,2429,Charlotte,fbs,Conference USA,28,"[7, 6, 8, 7]",0.5240077923823323,1097.0,1099.0,295,Old Dominion,fbs,Conference USA,25,"[6, 6, 6, 7]",0.4759922076176677,1155.0,1153.0,6.14445908379999,https://www.youtube.com/watch?v=suwdJq_ZsHM,,3,True
168,168,401013109,2018,3,regular,2018-09-13T21:30:00.000Z,False,True,False,True,25309,3630,Allegacy Federal Credit Union Stadium,154,Wake Forest,fbs,ACC,34,"[7, 14, 3, 10]",0.013069324489829,1588.0,1582.0,103,Boston College,fbs,ACC,41,"[7, 14, 7, 13]",0.986930675510171,1675.0,1681.0,7.3553324104,https://www.youtube.com/watch?v=4Gb-_xaLhx0,,-7,True
173,173,401013337,2018,3,regular,2018-09-15T16:00:00.000Z,False,True,False,False,89360,3834,"Memorial Stadium (Lincoln, NE)",158,Nebraska,fbs,Big Ten,19,"[0, 7, 6, 6]",0.7346344123710293,1398.0,1396.0,2653,Troy,fbs,Sun Belt,24,"[3, 14, 0, 7]",0.2653655876289706,1496.0,1498.0,6.8578474083,https://www.youtube.com/watch?v=YlyWRJDoZCc,,-5,True
174,174,401019486,2018,3,regular,2018-09-15T16:00:00.000Z,False,True,False,False,20691,3892,Pratt & Whitney Stadium,41,UConn,fbs,American Athletic,56,"[14, 28, 7, 7]",0.6475350109230772,,,227,Rhode Island,fcs,CAA,49,"[7, 21, 14, 7]",0.3524649890769228,,,6.833851047,https://www.youtube.com/watch?v=tPEx4yFOacg,,7,True
179,179,401013368,2018,3,regular,2018-09-15T16:00:00.000Z,False,True,False,False,31133,3841,Michie Stadium,349,Army,fbs,FBS Independents,28,"[7, 14, 0, 7]",0.7754547496146278,1550.0,1549.0,62,Hawai'i,fbs,Mountain West,21,"[7, 7, 0, 7]",0.2245452503853722,1358.0,1359.0,4.1437546905,https://www.youtube.com/watch?v=8djNFZE0fUs,,7,True
185,185,401013112,2018,3,regular,2018-09-15T16:30:00.000Z,False,True,False,True,34284,3752,Acrisure Stadium,221,Pittsburgh,fbs,ACC,24,"[14, 7, 3, 0]",0.7793323324375505,1470.0,1478.0,59,Georgia Tech,fbs,ACC,19,"[0, 0, 6, 13]",0.2206676675624495,1544.0,1536.0,3.4328337534,https://www.youtube.com/watch?v=qZ6BOgPkjgw,,5,True
186,186,401014996,2018,3,regular,2018-09-15T17:00:00.000Z,False,True,False,False,21991,3803,Legion Field,5,UAB,fbs,Conference USA,31,"[7, 14, 3, 7]",0.7864080372320092,1311.0,1325.0,2655,Tulane,fbs,American Athletic,24,"[0, 7, 14, 3]",0.2135919627679907,1393.0,1379.0,7.5347517879,https://www.youtube.com/watch?v=lT4TSOg0dro,,7,True
188,188,401012283,2018,3,regular,2018-09-15T18:30:00.000Z,False,True,False,False,77622,3855,Notre Dame Stadium,87,Notre Dame,fbs,FBS Independents,22,"[10, 6, 0, 6]",0.5957657567644127,1707.0,1706.0,238,Vanderbilt,fbs,SEC,17,"[0, 3, 7, 7]",0.4042342432355873,1560.0,1561.0,3.25975765599999,https://www.youtube.com/watch?v=_exLJHBsVk4,,5,True
189,189,401012273,2018,3,regular,2018-09-15T19:30:00.000Z,False,True,False,True,86787,3785,Jordan-Hare Stadium,2,Auburn,fbs,SEC,21,"[0, 14, 7, 0]",0.8509868448404031,1840.0,1836.0,99,LSU,fbs,SEC,22,"[7, 3, 3, 9]",0.1490131551595969,1774.0,1778.0,5.6248333013,https://www.youtube.com/watch?v=4a3Vi6wx7Zc,,-1,True
190,190,401013356,2018,3,regular,2018-09-15T19:30:00.000Z,False,True,False,False,80720,347,Camp Randall Stadium,275,Wisconsin,fbs,Big Ten,21,"[7, 7, 0, 7]",0.2260634544048793,1902.0,1864.0,252,BYU,fbs,FBS Independents,24,"[7, 7, 7, 3]",0.7739365455951206,1416.0,1454.0,7.2176817583,https://www.youtube.com/watch?v=f7O5AuMHCTs,,-3,True
191,191,401020679,2018,3,regular,2018-09-15T19:30:00.000Z,False,True,False,True,12354,3764,Huskie Stadium,2459,Northern Illinois,fbs,Mid-American,24,"[0, 14, 7, 3]",0.7024558204300775,1461.0,1463.0,2117,Central Michigan,fbs,Mid-American,16,"[0, 3, 7, 6]",0.2975441795699225,1301.0,1299.0,5.3056811609,,,8,True
197,197,401012806,2018,3,regular,2018-09-15T19:30:00.000Z,False,True,True,False,21725,3933,Soldier Field,356,Illinois,fbs,Big Ten,19,"[10, 6, 3, 0]",0.1862067370728094,1305.0,1321.0,58,South Florida,fbs,American Athletic,25,"[7, 0, 0, 18]",0.8137932629271906,1665.0,1649.0,9.9921384159,https://www.youtube.com/watch?v=Hu8a2MuuxxY,,-6,True
199,199,401020681,2018,3,regular,2018-09-15T20:00:00.000Z,False,True,False,False,17542,3700,Doyt L. Perry Stadium,189,Bowling Green,fbs,Mid-American,42,"[0, 28, 6, 8]",0.8231725876461327,,,2198,Eastern Kentucky,fcs,OVC,35,"[14, 7, 14, 0]",0.1768274123538673,,,6.8913898753,,,7,True
200,200,401022520,2018,3,regular,2018-09-15T20:00:00.000Z,False,True,False,False,20293,3984,War Memorial Stadium,2751,Wyoming,fbs,Mountain West,17,"[0, 10, 0, 7]",0.6871784291781555,,,2747,Wofford,fcs,Southern,14,"[0, 7, 0, 7]",0.3128215708218445,,,7.2222822607,https://www.youtube.com/watch?v=kpjduMvm1fw,,3,True
207,207,401020682,2018,3,regular,2018-09-15T22:00:00.000Z,False,True,False,True,18384,3965,UB Stadium,2084,Buffalo,fbs,Mid-American,35,"[14, 14, 0, 7]",0.8286863566988312,1399.0,1411.0,2199,Eastern Michigan,fbs,Mid-American,28,"[0, 21, 0, 7]",0.1713136433011688,1439.0,1427.0,5.0388908423,,,7,True
214,214,401012744,2018,3,regular,2018-09-15T23:00:00.000Z,False,True,False,False,20462,3816,Mackay Stadium,2440,Nevada,fbs,Mountain West,37,"[16, 14, 0, 7]",0.0901023056001599,1319.0,1318.0,204,Oregon State,fbs,Pac-12,35,"[7, 14, 0, 14]",0.90989769439984,1181.0,1182.0,7.0304446335,https://www.youtube.com/watch?v=X0Z1Oou-WN0,,2,True
217,217,401013343,2018,3,regular,2018-09-15T23:30:00.000Z,False,True,False,False,40014,3911,Ryan Field,77,Northwestern,fbs,Big Ten,34,"[7, 14, 7, 6]",0.5229547169140032,1651.0,1613.0,2006,Akron,fbs,Mid-American,39,"[0, 3, 23, 13]",0.4770452830859968,1277.0,1315.0,3.64546925159999,https://www.youtube.com/watch?v=9gxvpzyJs-Y,,-5,True
220,220,401012279,2018,3,regular,2018-09-15T23:30:00.000Z,False,True,False,False,48103,3907,Ross-Ade Stadium,2509,Purdue,fbs,Big Ten,37,"[7, 17, 3, 10]",0.5854557153951846,1550.0,1553.0,142,Missouri,fbs,SEC,40,"[13, 14, 10, 3]",0.4145442846048154,1670.0,1667.0,6.850051201,https://www.youtube.com/watch?v=6ERRzP4H8e4,,-3,True
221,221,401013113,2018,3,regular,2018-09-15T23:30:00.000Z,False,True,False,False,54923,3873,L&N Federal Credit Union Stadium,97,Louisville,fbs,ACC,20,"[0, 3, 3, 14]",0.1354390253160668,1625.0,1623.0,98,Western Kentucky,fbs,Conference USA,17,"[7, 7, 0, 3]",0.8645609746839331,1401.0,1403.0,7.6755220001,https://www.youtube.com/watch?v=UeXp-8Ernbs,,3,True
229,229,401012738,2018,3,regular,2018-09-16T02:30:00.000Z,False,True,False,False,34641,3932,Qualcomm Stadium,21,San Diego State,fbs,Mountain West,28,"[0, 14, 3, 11]",0.9086456205529538,1552.0,1565.0,9,Arizona State,fbs,Pac-12,21,"[7, 7, 0, 7]",0.0913543794470461,1613.0,1600.0,6.3698484899,https://www.youtube.com/watch?v=ge0p46CbiYM,,7,True
235,235,401012748,2018,4,regular,2018-09-22T02:30:00.000Z,False,True,False,True,52421,477,Los Angeles Memorial Coliseum,30,USC,fbs,Pac-12,39,"[7, 10, 7, 15]",0.1960758137603871,1641.0,1642.0,265,Washington State,fbs,Pac-12,36,"[3, 21, 6, 6]",0.8039241862396129,1629.0,1628.0,7.8060669902,https://www.youtube.com/watch?v=wFmp0uyfHH0,,3,True
238,238,401019491,2018,4,regular,2018-09-22T16:00:00.000Z,False,True,False,False,35220,3854,Nippert Stadium,2132,Cincinnati,fbs,American Athletic,34,"[0, 7, 14, 13]",0.8576021720061402,1383.0,1391.0,195,Ohio,fbs,Mid-American,30,"[14, 10, 3, 3]",0.1423978279938598,1556.0,1548.0,6.5328642884,https://www.youtube.com/watch?v=IAKBWVR-x9A,,4,True
245,245,401019495,2018,4,regular,2018-09-22T16:00:00.000Z,False,True,False,True,17531,3735,Gerald J. Ford Stadium,2567,SMU,fbs,American Athletic,31,"[3, 7, 7, 6, 8]",0.4242397617110865,1279.0,1287.0,2426,Navy,fbs,American Athletic,30,"[0, 7, 7, 9, 7]",0.5757602382889134,1558.0,1550.0,10.0831168891,https://www.youtube.com/watch?v=MR0_e75EVPA,,1,True
247,247,401013125,2018,4,regular,2018-09-22T16:20:00.000Z,False,True,False,True,44168,3787,Kenan Stadium,153,North Carolina,fbs,ACC,38,"[7, 14, 17, 0]",0.986083588627209,1380.0,1382.0,221,Pittsburgh,fbs,ACC,35,"[7, 21, 0, 7]",0.0139164113727909,1478.0,1476.0,6.3263985373,https://www.youtube.com/watch?v=CEDncgKjwsY,,3,True
252,252,401015000,2018,4,regular,2018-09-22T19:00:00.000Z,False,True,False,False,15873,3919,Scheumann Stadium,2050,Ball State,fbs,Mid-American,20,"[7, 3, 3, 7]",0.1345263201833871,1073.0,1082.0,98,Western Kentucky,fbs,Conference USA,28,"[0, 7, 7, 14]",0.8654736798166128,1403.0,1394.0,8.6206713484,,,-8,True
271,271,401021663,2018,4,regular,2018-09-22T23:00:00.000Z,False,True,False,True,17125,3666,Cajun Field,309,Louisiana,fbs,Sun Belt,28,"[7, 0, 14, 7]",0.0567957139807199,1162.0,1168.0,324,Coastal Carolina,fbs,Sun Belt,30,"[3, 13, 7, 7]",0.94320428601928,1324.0,1318.0,6.6383952059,,,-2,True
277,277,401014999,2018,4,regular,2018-09-22T23:00:00.000Z,False,True,False,False,29205,3604,Alamodome,2636,UTSA,fbs,Conference USA,25,"[14, 3, 0, 8]",0.1560184865015672,1258.0,1255.0,326,Texas State,fbs,Sun Belt,21,"[7, 0, 7, 7]",0.8439815134984328,1061.0,1064.0,4.5897244439,https://www.youtube.com/watch?v=BNXAyTMY8ZA,,4,True
279,279,401021664,2018,4,regular,2018-09-22T23:00:00.000Z,False,True,False,True,15722,3817,Malone Stadium,2433,UL Monroe,fbs,Sun Belt,27,"[7, 0, 7, 13]",0.0350423402147401,1230.0,1235.0,2653,Troy,fbs,Sun Belt,35,"[7, 28, 0, 0]",0.9649576597852598,1498.0,1493.0,3.6584195216,https://www.youtube.com/watch?v=bqokC_HUlco,,-8,True
280,280,401013066,2018,4,regular,2018-09-22T23:00:00.000Z,False,True,False,False,87177,3835,"Memorial Stadium (Norman, OK)",201,Oklahoma,fbs,Big 12,28,"[14, 7, 0, 0, 7]",0.9530646069117866,1995.0,1982.0,349,Army,fbs,FBS Independents,21,"[7, 7, 7, 0, 0]",0.0469353930882133,1549.0,1562.0,3.01584221719999,https://www.youtube.com/watch?v=nqb8Tq3neNM,,7,True
281,281,401021662,2018,4,regular,2018-09-22T23:00:00.000Z,False,True,False,False,18537,3625,Centennial Bank Stadium,2032,Arkansas State,fbs,Sun Belt,27,"[6, 7, 6, 8]",0.9684936606134308,1496.0,1499.0,2439,UNLV,fbs,Mountain West,20,"[7, 0, 13, 0]",0.0315063393865693,1378.0,1375.0,5.3725033256,https://www.youtube.com/watch?v=ZKn_UPbmVrI,,7,True
283,283,401013440,2018,4,regular,2018-09-22T23:30:00.000Z,False,True,False,False,19412,3946,Sun Bowl,2638,UTEP,fbs,Conference USA,20,"[7, 3, 7, 3]",0.7888586235256428,1015.0,1008.0,166,New Mexico State,fbs,FBS Independents,27,"[10, 7, 7, 3]",0.2111413764743571,1089.0,1096.0,7.2514082203,https://www.youtube.com/watch?v=z_LPaZIP28o,,-7,True
285,285,401012749,2018,4,regular,2018-09-23T00:00:00.000Z,False,True,False,True,58453,3626,Autzen Stadium,2483,Oregon,fbs,Pac-12,31,"[7, 17, 0, 7, 0]",0.3444249095502546,1643.0,1643.0,24,Stanford,fbs,Pac-12,38,"[0, 7, 14, 10, 7]",0.6555750904497454,1812.0,1812.0,6.9266448158,https://www.youtube.com/watch?v=3f58bJ94Uy4,,-7,True
286,286,401019492,2018,4,regular,2018-09-23T00:00:00.000Z,False,True,False,True,34562,3886,Raymond James Stadium,58,South Florida,fbs,American Athletic,20,"[6, 7, 0, 7]",0.2311817359112427,1649.0,1642.0,151,East Carolina,fbs,American Athletic,13,"[7, 3, 3, 0]",0.7688182640887573,1326.0,1333.0,5.036690824,https://www.youtube.com/watch?v=dnc85YVfzZc,,7,True
290,290,401012751,2018,4,regular,2018-09-23T02:30:00.000Z,False,True,False,True,71200,3765,Husky Stadium,264,Washington,fbs,Pac-12,27,"[14, 3, 3, 7]",0.9548847051764292,1842.0,1839.0,9,Arizona State,fbs,Pac-12,20,"[10, 0, 3, 7]",0.0451152948235706,1600.0,1603.0,2.9513545647,https://www.youtube.com/watch?v=TV6D6rMllOI,,7,True
291,291,401020683,2018,4,regular,2018-09-23T02:30:00.000Z,False,True,False,False,30898,3932,Qualcomm Stadium,21,San Diego State,fbs,Mountain West,23,"[3, 14, 0, 3, 3]",0.7644669990482419,1565.0,1564.0,2199,Eastern Michigan,fbs,Mid-American,20,"[3, 7, 7, 3, 0]",0.2355330009517581,1427.0,1428.0,7.0928898601,https://www.youtube.com/watch?v=D3Ogtqj_jyE,,3,True
297,297,401013131,2018,5,regular,2018-09-29T16:00:00.000Z,False,True,False,True,80122,3836,"Memorial Stadium (Clemson, SC)",228,Clemson,fbs,ACC,27,"[7, 0, 6, 14]",0.9000093833310088,1954.0,1945.0,183,Syracuse,fbs,ACC,23,"[6, 10, 0, 7]",0.0999906166689912,1511.0,1520.0,8.74949007369999,https://www.youtube.com/watch?v=NOCfqUEl9Bk,,4,True
300,300,401013325,2018,5,regular,2018-09-29T16:00:00.000Z,False,True,False,True,55283,3784,Jones AT&T Stadium,2641,Texas Tech,fbs,Big 12,34,"[7, 3, 7, 17]",0.1029977107697692,1633.0,1622.0,277,West Virginia,fbs,Big 12,42,"[28, 7, 0, 7]",0.8970022892302307,1689.0,1700.0,3.1311461968,https://www.youtube.com/watch?v=Lg7VctCWhvA,,-8,True
304,304,401012293,2018,5,regular,2018-09-29T16:00:00.000Z,False,True,True,True,55383,3687,AT&T Stadium,245,Texas A&M,fbs,SEC,24,"[14, 3, 0, 7]",0.4916566744160995,1689.0,1682.0,8,Arkansas,fbs,SEC,17,"[0, 7, 3, 7]",0.5083433255839005,1338.0,1345.0,2.1901017813,https://www.youtube.com/watch?v=McrJnOYX4NM,,7,True
306,306,401012824,2018,5,regular,2018-09-29T16:00:00.000Z,False,True,False,True,32056,3754,High Point Solutions Stadium,164,Rutgers,fbs,Big Ten,17,"[7, 0, 0, 10]",0.0270475719161425,1071.0,1092.0,84,Indiana,fbs,Big Ten,24,"[7, 17, 0, 0]",0.9729524280838574,1556.0,1535.0,2.5959763933,https://www.youtube.com/watch?v=KcM81Hg1RK4,,-7,True
315,315,401020750,2018,5,regular,2018-09-29T19:30:00.000Z,False,True,False,True,15012,3996,Yager Stadium,193,Miami (OH),fbs,Mid-American,39,"[17, 10, 6, 6]",0.0209643364454462,1311.0,1315.0,2711,Western Michigan,fbs,Mid-American,40,"[14, 0, 13, 13]",0.9790356635545536,1420.0,1416.0,7.3640642454,,,-1,True
317,317,401013133,2018,5,regular,2018-09-29T19:30:00.000Z,False,True,False,True,52798,3873,L&N Federal Credit Union Stadium,97,Louisville,fbs,ACC,24,"[7, 14, 3, 0]",0.9037684292090868,1540.0,1535.0,52,Florida State,fbs,ACC,28,"[7, 0, 7, 14]",0.0962315707909132,1557.0,1562.0,7.6243795977,https://www.youtube.com/watch?v=xSdsiI1ltTw,,-4,True
318,318,401015006,2018,5,regular,2018-09-29T19:30:00.000Z,False,True,False,False,35047,3699,Dowdy-Ficklen Stadium,151,East Carolina,fbs,American Athletic,37,"[14, 7, 7, 9]",0.9836400652254796,1333.0,1333.0,295,Old Dominion,fbs,Conference USA,35,"[14, 6, 7, 8]",0.0163599347745204,1246.0,1246.0,9.40276083359999,https://www.youtube.com/watch?v=q_R9O7kApcE,,2,True
321,321,401013060,2018,5,regular,2018-09-29T19:30:00.000Z,False,True,False,True,49916,3636,Bill Snyder Family Stadium,2306,Kansas State,fbs,Big 12,14,"[0, 0, 7, 7]",0.146545861652911,1533.0,1537.0,251,Texas,fbs,Big 12,19,"[7, 12, 0, 0]",0.8534541383470889,1726.0,1722.0,2.5378066489,https://www.youtube.com/watch?v=MNaoQmeHPzk,,-5,True
324,324,401022525,2018,5,regular,2018-09-29T20:00:00.000Z,False,True,False,True,23707,3713,Falcon Stadium,2005,Air Force,fbs,Mountain West,25,"[0, 7, 10, 8]",0.1388722464886026,1436.0,1422.0,2440,Nevada,fbs,Mountain West,28,"[7, 14, 7, 0]",0.8611277535113974,1293.0,1307.0,6.3639229837,https://www.youtube.com/watch?v=7N0gIXx-7Rw,,-3,True
325,325,401012299,2018,5,regular,2018-09-29T20:00:00.000Z,False,True,False,False,27340,3973,FirstBank Stadium,238,Vanderbilt,fbs,SEC,31,"[0, 10, 14, 7]",0.633311097214748,,,2634,Tennessee State,fcs,OVC,27,"[0, 13, 7, 7]",0.366688902785252,,,4.08248487899999,,,4,True
326,326,401012892,2018,5,regular,2018-09-29T20:47:00.000Z,False,True,False,True,47330,3911,Ryan Field,77,Northwestern,fbs,Big Ten,17,"[10, 7, 0, 0]",0.1338619679412034,1613.0,1625.0,130,Michigan,fbs,Big Ten,20,"[0, 7, 6, 7]",0.8661380320587966,1894.0,1882.0,7.81958186589999,https://www.youtube.com/watch?v=vQ7n7nGcTWE,,-3,True
327,327,401012756,2018,5,regular,2018-09-29T22:00:00.000Z,False,True,False,True,30088,3820,Gesa Field,265,Washington State,fbs,Pac-12,28,"[7, 14, 0, 7]",0.4163772821497872,1628.0,1631.0,254,Utah,fbs,Pac-12,24,"[14, 7, 3, 0]",0.5836227178502128,1620.0,1617.0,8.7168433222,https://www.youtube.com/watch?v=wqfmhA9y_sg,,4,True
328,328,401021666,2018,5,regular,2018-09-29T22:00:00.000Z,False,True,False,True,17320,3608,Allen E. Paulson Stadium,290,Georgia Southern,fbs,Sun Belt,28,"[0, 7, 7, 14]",0.7015320732853909,1380.0,1397.0,2032,Arkansas State,fbs,Sun Belt,21,"[0, 3, 11, 7]",0.2984679267146091,1499.0,1482.0,8.1413134035,,,7,True
330,330,401020688,2018,5,regular,2018-09-29T22:00:00.000Z,False,True,False,True,14779,3912,Rynearson Stadium,2199,Eastern Michigan,fbs,Mid-American,23,"[10, 0, 0, 3, 7, 0, 3]",0.3144636686129141,1428.0,1424.0,2459,Northern Illinois,fbs,Mid-American,26,"[3, 10, 0, 0, 7, 0, 6]",0.6855363313870859,1428.0,1432.0,11.2485297029,,,-3,True
331,331,401012298,2018,5,regular,2018-09-29T22:00:00.000Z,False,True,False,True,61406,3693,Davis Wade Stadium,344,Mississippi State,fbs,SEC,6,"[3, 3, 0, 0]",0.0758054370706376,1723.0,1704.0,57,Florida,fbs,SEC,13,"[0, 3, 7, 3]",0.9241945629293624,1646.0,1665.0,6.4786273616,https://www.youtube.com/watch?v=IqoOqjy0NQg,,-7,True
332,332,401013041,2018,5,regular,2018-09-29T23:00:00.000Z,False,True,False,True,42664,3616,Amon G. Carter Stadium,2628,TCU,fbs,Big 12,17,"[0, 7, 7, 3]",0.3713116121197189,1714.0,1714.0,66,Iowa State,fbs,Big 12,14,"[0, 7, 0, 7]",0.628688387880281,1645.0,1645.0,5.8340947183,https://www.youtube.com/watch?v=sGa_CObQc8k,,3,True
334,334,401022527,2018,5,regular,2018-09-29T23:00:00.000Z,False,True,False,True,16363,3935,CEFCU Stadium,23,San José State,fbs,Mountain West,41,"[0, 17, 7, 7, 7, 0, 0, 3, 0]",0.1467376343111466,1029.0,1043.0,62,Hawai'i,fbs,Mountain West,44,"[3, 7, 6, 15, 7, 0, 0, 3, 3]",0.8532623656888534,1359.0,1345.0,9.6856445084,https://www.youtube.com/watch?v=RJXq89ltyuE,,-3,True
337,337,401015003,2018,5,regular,2018-09-29T23:00:00.000Z,False,True,False,True,17299,3725,"Johnny ""Red"" Floyd Stadium",2393,Middle Tennessee,fbs,Conference USA,25,"[0, 10, 7, 8]",0.6722268445506313,1296.0,1303.0,2226,Florida Atlantic,fbs,Conference USA,24,"[14, 7, 3, 0]",0.3277731554493687,1509.0,1502.0,5.9109387589,https://www.youtube.com/watch?v=Z159JNZovAY,,1,True
341,341,401015005,2018,5,regular,2018-09-29T23:30:00.000Z,False,True,False,True,20811,3796,Houchens Industries-L.T. Smith Stadium,98,Western Kentucky,fbs,Conference USA,17,"[3, 7, 0, 7]",0.0377472328983208,1394.0,1394.0,276,Marshall,fbs,Conference USA,20,"[7, 3, 0, 10]",0.9622527671016792,1463.0,1463.0,8.7286614784,https://www.youtube.com/watch?v=1gb8W-GOyG8,,-3,True
342,342,401015004,2018,5,regular,2018-09-29T23:30:00.000Z,False,True,False,True,30105,3825,DATCU Stadium,249,North Texas,fbs,Conference USA,27,"[21, 0, 6, 0]",0.7414771121868613,1597.0,1589.0,2348,Louisiana Tech,fbs,Conference USA,29,"[6, 20, 3, 0]",0.2585228878131387,1511.0,1519.0,7.5574264145,,,-2,True
344,344,401013347,2018,5,regular,2018-09-29T23:30:00.000Z,False,True,False,True,110889,3632,Beaver Stadium,213,Penn State,fbs,Big Ten,26,"[3, 10, 0, 13]",0.8678004629426942,2076.0,2074.0,194,Ohio State,fbs,Big Ten,27,"[0, 7, 7, 13]",0.1321995370573058,2064.0,2066.0,9.7755051552,https://www.youtube.com/watch?v=M9SjFc1_7-w,,-1,True
349,349,401012753,2018,5,regular,2018-09-30T02:30:00.000Z,False,True,False,True,43573,3619,Arizona Stadium,12,Arizona,fbs,Pac-12,20,"[0, 0, 7, 13]",0.1116101725788807,1462.0,1467.0,30,USC,fbs,Pac-12,24,"[7, 10, 7, 0]",0.8883898274211193,1642.0,1637.0,3.2905808977,https://www.youtube.com/watch?v=GAut21dsS0k,,-4,True
358,358,401012305,2018,6,regular,2018-10-06T16:00:00.000Z,False,True,False,True,73393,3994,Williams-Brice Stadium,2579,South Carolina,fbs,SEC,37,"[7, 7, 17, 6]",0.265231542453247,1620.0,1621.0,142,Missouri,fbs,SEC,35,"[14, 9, 0, 12]",0.734768457546753,1662.0,1661.0,10.6570410724,https://www.youtube.com/watch?v=bvH7LG-vC48,,2,True
365,365,401020753,2018,6,regular,2018-10-06T16:00:00.000Z,False,True,False,True,24282,3980,Waldo Stadium,2711,Western Michigan,fbs,Mid-American,27,"[7, 7, 0, 13]",0.9525124991859484,1416.0,1417.0,2199,Eastern Michigan,fbs,Mid-American,24,"[0, 10, 7, 7]",0.0474875008140517,1424.0,1423.0,6.95039500339999,,,3,True
367,367,401013067,2018,6,regular,2018-10-06T16:00:00.000Z,False,True,True,True,92300,499,Cotton Bowl,201,Oklahoma,fbs,Big 12,45,"[7, 10, 7, 21]",0.514549536686586,2014.0,1999.0,251,Texas,fbs,Big 12,48,"[10, 14, 21, 3]",0.485450463313414,1722.0,1737.0,5.28471819909999,https://www.youtube.com/watch?v=kHCIdaL_3JU,,-3,True
368,368,401013142,2018,6,regular,2018-10-06T16:20:00.000Z,False,True,False,True,37100,3752,Acrisure Stadium,221,Pittsburgh,fbs,ACC,44,"[14, 6, 7, 10, 7]",0.2222125909767951,1431.0,1446.0,183,Syracuse,fbs,ACC,37,"[14, 3, 14, 6, 0]",0.7777874090232049,1520.0,1505.0,9.3973321166,https://www.youtube.com/watch?v=bzf10d2zwL4,,7,True
369,369,401013139,2018,6,regular,2018-10-06T16:30:00.000Z,False,True,False,True,57241,3670,Carter-Finley Stadium,152,NC State,fbs,ACC,28,"[7, 14, 7, 0]",0.881962106304812,1725.0,1727.0,103,Boston College,fbs,ACC,23,"[3, 0, 7, 13]",0.118037893695188,1644.0,1642.0,2.80331567099999,https://www.youtube.com/watch?v=35S00Ugmb6E,,5,True
370,370,401020754,2018,6,regular,2018-10-06T19:00:00.000Z,False,True,False,True,7159,3919,Scheumann Stadium,2050,Ball State,fbs,Mid-American,16,"[0, 6, 3, 7]",0.3704694766728343,1154.0,1160.0,2459,Northern Illinois,fbs,Mid-American,24,"[7, 7, 7, 3]",0.6295305233271657,1432.0,1426.0,4.541391592,,,-8,True
373,373,401020755,2018,6,regular,2018-10-06T19:30:00.000Z,False,True,False,True,20062,3696,Dix Stadium,2309,Kent State,fbs,Mid-American,26,"[14, 3, 6, 3]",0.1852835241855449,1000.0,1022.0,195,Ohio,fbs,Mid-American,27,"[7, 0, 7, 13]",0.814716475814455,1552.0,1530.0,7.2878740432,,,-1,True
378,378,401013042,2018,6,regular,2018-10-06T19:30:00.000Z,False,True,False,True,52995,3646,Boone Pickens Stadium,197,Oklahoma State,fbs,Big 12,42,"[7, 14, 7, 14]",0.6993086544191152,1781.0,1760.0,66,Iowa State,fbs,Big 12,48,"[9, 21, 10, 8]",0.3006913455808848,1645.0,1666.0,6.3545627362,https://www.youtube.com/watch?v=nRP2m4k-j_8,,-6,True
379,379,401013031,2018,6,regular,2018-10-06T19:30:00.000Z,False,True,False,True,36888,4727,McLane Stadium,239,Baylor,fbs,Big 12,37,"[3, 9, 8, 17]",0.8899815360825997,1455.0,1457.0,2306,Kansas State,fbs,Big 12,34,"[7, 7, 0, 20]",0.1100184639174003,1537.0,1535.0,9.0216110189,https://www.youtube.com/watch?v=zVjgd5SN8rw,,3,True
380,380,401022528,2018,6,regular,2018-10-06T19:30:00.000Z,False,True,False,True,36679,3653,Albertsons Stadium,68,Boise State,fbs,Mountain West,13,"[7, 0, 0, 6]",0.2105671454943967,1796.0,1767.0,21,San Diego State,fbs,Mountain West,19,"[3, 10, 0, 6]",0.7894328545056033,1564.0,1593.0,6.6481429415,https://www.youtube.com/watch?v=5rQ-x4ivASs,,-6,True
381,381,401012301,2018,6,regular,2018-10-06T19:30:00.000Z,False,True,False,True,90283,3634,Ben Hill Griffin Stadium,57,Florida,fbs,SEC,27,"[0, 14, 0, 13]",0.5864549541833952,1665.0,1688.0,99,LSU,fbs,SEC,19,"[7, 3, 3, 6]",0.4135450458166048,1834.0,1811.0,9.065153927,https://www.youtube.com/watch?v=xuQGdwnzGe4,,8,True
382,382,401013141,2018,6,regular,2018-10-06T19:30:00.000Z,False,True,False,True,65490,3948,Hard Rock Stadium,2390,Miami,fbs,ACC,28,"[0, 7, 14, 7]",0.8760653574174931,1784.0,1778.0,52,Florida State,fbs,ACC,27,"[7, 13, 7, 0]",0.1239346425825068,1562.0,1568.0,8.6892963347,https://www.youtube.com/watch?v=3IcdMAoMyW0,,1,True
387,387,401012761,2018,6,regular,2018-10-06T20:00:00.000Z,False,True,False,True,52681,3726,Folsom Field,38,Colorado,fbs,Pac-12,28,"[7, 7, 14, 0]",0.9809161406175212,1604.0,1615.0,9,Arizona State,fbs,Pac-12,21,"[7, 7, 7, 0]",0.0190838593824788,1627.0,1616.0,4.9940864747,,,7,True
391,391,401012306,2018,6,regular,2018-10-06T23:00:00.000Z,False,True,False,True,99829,3795,Kyle Field,245,Texas A&M,fbs,SEC,20,"[0, 7, 0, 7, 6]",0.997968565040066,1682.0,1687.0,96,Kentucky,fbs,SEC,14,"[7, 0, 0, 7, 0]",0.0020314349599339,1628.0,1623.0,7.9761689007,https://www.youtube.com/watch?v=ljM47GX3Sww,,6,True
396,396,401015011,2018,6,regular,2018-10-06T23:30:00.000Z,False,True,False,True,12809,3946,Sun Bowl,2638,UTEP,fbs,Conference USA,24,"[3, 7, 0, 14]",0.219682962831497,1009.0,1035.0,249,North Texas,fbs,Conference USA,27,"[7, 3, 10, 7]",0.7803170371685029,1589.0,1563.0,3.79158879469999,https://www.youtube.com/watch?v=OceVHYGUrEI,,-3,True
398,398,401012760,2018,6,regular,2018-10-06T23:30:00.000Z,False,True,False,True,51123,1056,Rose Bowl,26,UCLA,fbs,Pac-12,24,"[0, 7, 3, 14]",0.4244048823643847,1339.0,1363.0,264,Washington,fbs,Pac-12,31,"[7, 17, 0, 7]",0.5755951176356153,1869.0,1845.0,3.0569754952,https://www.youtube.com/watch?v=RHGo-TTU0y0,,-7,True
400,400,401013441,2018,6,regular,2018-10-07T00:00:00.000Z,False,True,False,False,8337,3601,Aggie Memorial Stadium,166,New Mexico State,fbs,FBS Independents,49,"[7, 14, 14, 14]",0.983460872885296,1096.0,1126.0,2335,Liberty,fbs,FBS Independents,41,"[7, 7, 14, 13]",0.0165391271147039,1366.0,1336.0,7.30751893599999,,,8,True
403,403,401012759,2018,6,regular,2018-10-07T02:00:00.000Z,False,True,False,True,44253,3619,Arizona Stadium,12,Arizona,fbs,Pac-12,24,"[10, 0, 7, 7]",0.6024140978390105,1467.0,1480.0,25,California,fbs,Pac-12,17,"[0, 14, 0, 3]",0.3975859021609895,1521.0,1508.0,8.658854798,https://www.youtube.com/watch?v=6tD4YkXl4qo,,7,True
407,407,401022531,2018,6,regular,2018-10-07T03:59:00.000Z,False,True,False,True,23907,3610,Aloha Stadium,62,Hawai'i,fbs,Mountain West,17,"[0, 3, 7, 7]",0.7440540033563771,1345.0,1351.0,2751,Wyoming,fbs,Mountain West,13,"[3, 0, 7, 3]",0.2559459966436229,1439.0,1433.0,6.7932107002,https://www.youtube.com/watch?v=oDVFnR8UBZo,,4,True
409,409,401021673,2018,7,regular,2018-10-11T23:30:00.000Z,False,True,False,True,9545,3644,Bobcat Stadium (TX),326,Texas State,fbs,Sun Belt,13,"[0, 0, 7, 6]",0.7298203817739425,1040.0,1058.0,290,Georgia Southern,fbs,Sun Belt,15,"[0, 10, 5, 0]",0.2701796182260575,1462.0,1444.0,3.2794052513,,,-2,True
410,410,401013076,2018,7,regular,2018-10-11T23:30:00.000Z,False,True,False,True,44387,3616,Amon G. Carter Stadium,2628,TCU,fbs,Big 12,14,"[0, 7, 0, 7]",0.6594621946211772,1714.0,1704.0,2641,Texas Tech,fbs,Big 12,17,"[3, 0, 7, 7]",0.3405378053788228,1622.0,1632.0,9.802518695,https://www.youtube.com/watch?v=zzRdv_pwusI,,-3,True
411,411,401019505,2018,7,regular,2018-10-12T23:00:00.000Z,False,True,False,True,16142,3674,Chapman Stadium,202,Tulsa,fbs,American Athletic,24,"[7, 3, 14, 0]",0.321001276196458,1391.0,1401.0,58,South Florida,fbs,American Athletic,25,"[3, 0, 7, 15]",0.678998723803542,1638.0,1628.0,8.4184258652,https://www.youtube.com/watch?v=feDBnLNPisQ,,-1,True
412,412,401022533,2018,7,regular,2018-10-13T01:00:00.000Z,False,True,False,True,25326,3932,Qualcomm Stadium,21,San Diego State,fbs,Mountain West,21,"[7, 7, 0, 7]",0.5692246946481205,1593.0,1594.0,2005,Air Force,fbs,Mountain West,17,"[2, 7, 0, 8]",0.4307753053518794,1512.0,1511.0,5.2243016353,https://www.youtube.com/watch?v=2-0pKBhYGDE,,4,True
414,414,401012309,2018,7,regular,2018-10-13T16:00:00.000Z,False,True,False,True,84589,3785,Jordan-Hare Stadium,2,Auburn,fbs,SEC,24,"[10, 7, 0, 7]",0.5544032346624783,1813.0,1762.0,2633,Tennessee,fbs,SEC,30,"[3, 10, 14, 3]",0.4455967653375217,1343.0,1394.0,5.43202310779999,https://www.youtube.com/watch?v=A78kjpblBfE,,-6,True
416,416,401013340,2018,7,regular,2018-10-13T16:00:00.000Z,False,True,False,True,47330,3911,Ryan Field,77,Northwestern,fbs,Big Ten,34,"[0, 14, 0, 17, 3]",0.4482776568605229,1648.0,1645.0,158,Nebraska,fbs,Big Ten,31,"[7, 6, 7, 11, 0]",0.5517223431394771,1322.0,1325.0,8.18252013329999,https://www.youtube.com/watch?v=t501p8KVRvE,,3,True
420,420,401020759,2018,7,regular,2018-10-13T16:00:00.000Z,False,True,False,True,17998,3912,Rynearson Stadium,2199,Eastern Michigan,fbs,Mid-American,28,"[21, 7, 0, 0]",0.970974485071984,1423.0,1424.0,2649,Toledo,fbs,Mid-American,26,"[3, 0, 3, 20]",0.029025514928016,1480.0,1479.0,3.4057041962,,,2,True
426,426,401013452,2018,7,regular,2018-10-13T18:00:00.000Z,False,True,False,False,17389,3992,Williams Stadium (VA),2335,Liberty,fbs,FBS Independents,22,"[0, 14, 0, 8]",0.5483899675354477,1336.0,1354.0,2653,Troy,fbs,Sun Belt,16,"[7, 3, 3, 3]",0.4516100324645523,1548.0,1530.0,8.1162251011,https://www.youtube.com/watch?v=tC5LVoZMze4,,6,True
429,429,401013148,2018,7,regular,2018-10-13T18:30:00.000Z,False,True,False,False,77622,3855,Notre Dame Stadium,87,Notre Dame,fbs,FBS Independents,19,"[0, 6, 6, 7]",0.9661277906146866,1870.0,1859.0,221,Pittsburgh,fbs,ACC,14,"[7, 0, 7, 0]",0.0338722093853134,1446.0,1457.0,7.2536238281,https://www.youtube.com/watch?v=Aij-ogHy23U,,5,True
430,430,401020760,2018,7,regular,2018-10-13T19:00:00.000Z,False,True,False,True,18551,3700,Doyt L. Perry Stadium,189,Bowling Green,fbs,Mid-American,35,"[7, 14, 7, 7]",0.0720421813965444,1041.0,1055.0,2711,Western Michigan,fbs,Mid-American,42,"[0, 7, 21, 14]",0.9279578186034556,1417.0,1403.0,9.3501526266,,,-7,True
431,431,401020757,2018,7,regular,2018-10-13T19:00:00.000Z,False,True,False,True,10255,3786,Kelly/Shorts Stadium,2117,Central Michigan,fbs,Mid-American,23,"[3, 17, 0, 3]",0.1905329352582795,1290.0,1282.0,2050,Ball State,fbs,Mid-American,24,"[0, 7, 0, 17]",0.8094670647417204,1160.0,1168.0,7.24088621099999,,,-1,True
432,432,401019506,2018,7,regular,2018-10-13T19:30:00.000Z,False,True,False,True,38831,3805,Simmons Bank Liberty Stadium,235,Memphis,fbs,American Athletic,30,"[17, 13, 0, 0]",0.9835744545024594,1709.0,1715.0,2116,UCF,fbs,American Athletic,31,"[7, 10, 7, 7]",0.0164255454975406,1860.0,1854.0,8.55862922269999,https://www.youtube.com/watch?v=wRwS2jrPmO4,,-1,True
433,433,401020758,2018,7,regular,2018-10-13T19:30:00.000Z,False,True,False,True,12138,3764,Huskie Stadium,2459,Northern Illinois,fbs,Mid-American,24,"[3, 6, 0, 15]",0.9736070480378104,1426.0,1428.0,195,Ohio,fbs,Mid-American,21,"[0, 7, 14, 0]",0.0263929519621897,1530.0,1528.0,7.3290538482,,,3,True
435,435,401019508,2018,7,regular,2018-10-13T19:30:00.000Z,False,True,False,True,30106,3852,Navy-Marine Corps Memorial Stadium,2426,Navy,fbs,American Athletic,17,"[0, 10, 7, 0]",0.1031753698806705,1460.0,1461.0,218,Temple,fbs,American Athletic,24,"[0, 7, 10, 7]",0.8968246301193294,1651.0,1650.0,5.64959443469999,https://www.youtube.com/watch?v=iNAlyFy8nDU,,-7,True
439,439,401012311,2018,7,regular,2018-10-13T19:30:00.000Z,False,True,False,True,76871,3994,Williams-Brice Stadium,2579,South Carolina,fbs,SEC,23,"[0, 0, 16, 7]",0.0752957864121392,1621.0,1620.0,245,Texas A&M,fbs,SEC,26,"[3, 10, 3, 10]",0.9247042135878608,1687.0,1688.0,5.55712315439999,https://www.youtube.com/watch?v=bSoqzslaJ1U,,-3,True
440,440,401013032,2018,7,regular,2018-10-13T19:30:00.000Z,False,True,False,True,93882,3910,DKR-Texas Memorial Stadium,251,Texas,fbs,Big 12,23,"[3, 20, 0, 0]",0.6609488847057398,1737.0,1731.0,239,Baylor,fbs,Big 12,17,"[7, 3, 7, 0]",0.3390511152942602,1457.0,1463.0,4.662704152,https://www.youtube.com/watch?v=bM6qOqekj24,,6,True
441,441,401012883,2018,7,regular,2018-10-13T19:30:00.000Z,False,True,False,True,106685,3632,Beaver Stadium,213,Penn State,fbs,Big Ten,17,"[7, 7, 0, 3]",0.2636994678044511,2074.0,2034.0,127,Michigan State,fbs,Big Ten,21,"[0, 7, 7, 7]",0.7363005321955489,1623.0,1663.0,7.1749069096,https://www.youtube.com/watch?v=P9kCiEF-v38,,-4,True
442,442,401012766,2018,7,regular,2018-10-13T19:30:00.000Z,False,True,False,True,58691,3626,Autzen Stadium,2483,Oregon,fbs,Pac-12,30,"[10, 7, 7, 0, 6]",0.3273748467517348,1678.0,1681.0,264,Washington,fbs,Pac-12,27,"[10, 7, 7, 0, 3]",0.6726251532482652,1845.0,1842.0,9.4859959482,https://www.youtube.com/watch?v=pepmwYm5H18,,3,True
444,444,401022535,2018,7,regular,2018-10-13T20:00:00.000Z,False,True,False,True,36514,5388,Canvas Stadium,36,Colorado State,fbs,Mountain West,20,"[7, 7, 3, 3]",0.2504578590500571,1319.0,1321.0,167,New Mexico,fbs,Mountain West,18,"[0, 3, 8, 7]",0.749542140949943,1392.0,1390.0,7.6898462622,https://www.youtube.com/watch?v=TQ2gzXWLUmA,,2,True
450,450,401013147,2018,7,regular,2018-10-13T23:00:00.000Z,False,True,False,True,50500,3787,Kenan Stadium,153,North Carolina,fbs,ACC,19,"[6, 3, 7, 3]",0.916259393128342,1320.0,1336.0,259,Virginia Tech,fbs,ACC,22,"[7, 0, 7, 8]",0.0837406068716579,1678.0,1662.0,9.5894782543,https://www.youtube.com/watch?v=_-m9hptJpQo,,-3,True
455,455,401013146,2018,7,regular,2018-10-13T23:00:00.000Z,False,True,False,True,42393,3923,Scott Stadium,258,Virginia,fbs,ACC,16,"[0, 13, 0, 3]",0.316880527373897,1499.0,1504.0,2390,Miami,fbs,ACC,13,"[0, 6, 0, 7]",0.683119472626103,1778.0,1773.0,6.2008402646,https://www.youtube.com/watch?v=kldESmvCV3I,,3,True
457,457,401015014,2018,7,regular,2018-10-13T23:30:00.000Z,False,True,False,True,16002,218,FIU Stadium,2229,Florida International,fbs,Conference USA,24,"[3, 10, 0, 11]",0.970910641398792,1462.0,1461.0,2393,Middle Tennessee,fbs,Conference USA,21,"[0, 14, 7, 0]",0.0290893586012079,1339.0,1340.0,7.87896953559999,https://www.youtube.com/watch?v=ZiDoOiC3VRs,,3,True
458,458,401012308,2018,7,regular,2018-10-13T23:30:00.000Z,False,True,False,True,51438,3983,War Memorial Stadium (AR),8,Arkansas,fbs,SEC,33,"[17, 10, 6, 0]",0.1577305197286281,1349.0,1356.0,145,Ole Miss,fbs,SEC,37,"[3, 14, 7, 13]",0.8422694802713718,1556.0,1549.0,6.6819462776,https://www.youtube.com/watch?v=sbBgp_skiYk,,-4,True
460,460,401022534,2018,7,regular,2018-10-14T02:30:00.000Z,False,True,False,True,21431,3816,Mackay Stadium,2440,Nevada,fbs,Mountain West,27,"[10, 7, 10, 0]",0.3668614530884356,1294.0,1316.0,68,Boise State,fbs,Mountain West,31,"[7, 10, 14, 0]",0.6331385469115645,1767.0,1745.0,5.7103392925,https://www.youtube.com/watch?v=I0svtiiw75M,,-4,True
464,464,401012768,2018,8,regular,2018-10-19T01:00:00.000Z,False,True,False,True,42946,3947,Mountain America Stadium,9,Arizona State,fbs,Pac-12,13,"[3, 0, 3, 7]",0.3435551822900412,1616.0,1609.0,24,Stanford,fbs,Pac-12,20,"[0, 6, 14, 0]",0.6564448177099589,1694.0,1701.0,5.64151556399999,https://www.youtube.com/watch?v=6SfMS6ByW44,,-7,True
466,466,401022539,2018,8,regular,2018-10-20T02:00:00.000Z,False,True,False,True,17881,3914,Sam Boyd Stadium,2439,UNLV,fbs,Mountain West,35,"[7, 14, 7, 7]",0.0158250915004385,1215.0,1225.0,2005,Air Force,fbs,Mountain West,41,"[3, 17, 21, 0]",0.9841749084995616,1511.0,1501.0,5.0791155769,https://www.youtube.com/watch?v=YfJTJ71WcKE,,-6,True
467,467,401019510,2018,8,regular,2018-10-20T16:00:00.000Z,False,True,False,True,33026,3806,Lincoln Financial Field,218,Temple,fbs,American Athletic,24,"[10, 0, 0, 7, 7]",0.7666575678707426,1650.0,1651.0,2132,Cincinnati,fbs,American Athletic,17,"[7, 3, 7, 0, 0]",0.2333424321292574,1501.0,1500.0,8.5352290713,https://www.youtube.com/watch?v=D52ctQravE4,,7,True
470,470,401012846,2018,8,regular,2018-10-20T16:00:00.000Z,False,True,False,True,32514,3754,High Point Solutions Stadium,164,Rutgers,fbs,Big Ten,15,"[0, 12, 3, 0]",0.0234085271214414,1036.0,1064.0,77,Northwestern,fbs,Big Ten,18,"[7, 0, 3, 8]",0.9765914728785584,1645.0,1617.0,6.7457584737,https://www.youtube.com/watch?v=pr1DdqBAVqk,,-3,True
471,471,401013371,2018,8,regular,2018-10-20T16:00:00.000Z,False,True,False,False,38016,3841,Michie Stadium,349,Army,fbs,FBS Independents,31,"[7, 7, 7, 0, 3, 7]",0.1869361605970202,1692.0,1684.0,193,Miami (OH),fbs,Mid-American,30,"[0, 7, 0, 14, 3, 6]",0.8130638394029798,1404.0,1412.0,6.3071578189,https://www.youtube.com/watch?v=GWOn8gCmxzI,,1,True
477,477,401013152,2018,8,regular,2018-10-20T16:20:00.000Z,False,True,False,True,35210,1964,JMA Wireless Dome,183,Syracuse,fbs,ACC,40,"[0, 13, 7, 7, 13]",0.8497142702257826,1505.0,1504.0,153,North Carolina,fbs,ACC,37,"[7, 0, 17, 3, 10]",0.1502857297742174,1336.0,1337.0,10.2853961526999,https://www.youtube.com/watch?v=eJPABEXXHs8,,3,True
479,479,401013453,2018,8,regular,2018-10-20T18:00:00.000Z,False,True,False,False,16502,3992,Williams Stadium (VA),2335,Liberty,fbs,FBS Independents,48,"[7, 13, 14, 14]",0.8100713358133053,,,304,Idaho State,fcs,Big Sky,41,"[0, 17, 14, 10]",0.1899286641866947,,,7.71502618149999,https://www.youtube.com/watch?v=yuXKgHgrM4o,,7,True
481,481,401022540,2018,8,regular,2018-10-20T18:30:00.000Z,False,True,False,True,18378,3984,War Memorial Stadium,2751,Wyoming,fbs,Mountain West,16,"[3, 0, 10, 3]",0.635522612363791,1395.0,1401.0,328,Utah State,fbs,Mountain West,24,"[7, 3, 14, 0]",0.3644773876362089,1674.0,1668.0,3.15519344089999,https://www.youtube.com/watch?v=-y8GiewR-8o,,-8,True
485,485,401015019,2018,8,regular,2018-10-20T19:00:00.000Z,False,True,False,True,13102,3725,"Johnny ""Red"" Floyd Stadium",2393,Middle Tennessee,fbs,Conference USA,21,"[0, 14, 0, 7]",0.1425281533516543,1340.0,1341.0,2429,Charlotte,fbs,Conference USA,13,"[6, 0, 0, 7]",0.8574718466483456,1154.0,1153.0,3.142734343,https://www.youtube.com/watch?v=aD-LWoKdqiA,,8,True
489,489,401020761,2018,8,regular,2018-10-20T19:30:00.000Z,False,True,False,True,18774,3696,Dix Stadium,2309,Kent State,fbs,Mid-American,23,"[3, 7, 7, 0, 6]",0.8660037206314951,997.0,1006.0,2006,Akron,fbs,Mid-American,24,"[7, 3, 7, 0, 7]",0.1339962793685049,1225.0,1216.0,9.7527604401,,,-1,True
490,490,401015022,2018,8,regular,2018-10-20T19:30:00.000Z,False,True,False,True,18972,3776,Joe Aillet Stadium,2348,Louisiana Tech,fbs,Conference USA,31,"[14, 3, 7, 7]",0.6634534594093633,1501.0,1487.0,2638,UTEP,fbs,Conference USA,24,"[7, 0, 14, 3]",0.3365465405906367,1035.0,1049.0,3.34374502979999,https://www.youtube.com/watch?v=ZACtf5aZaQA,,7,True
491,491,401012857,2018,8,regular,2018-10-20T19:30:00.000Z,False,True,False,True,41553,3830,"Memorial Stadium (Bloomington, IN)",84,Indiana,fbs,Big Ten,28,"[14, 0, 7, 7]",0.3317236577274075,1489.0,1514.0,213,Penn State,fbs,Big Ten,33,"[7, 10, 9, 7]",0.6682763422725925,2034.0,2009.0,5.4363624152,https://www.youtube.com/watch?v=zUWaU4IuP50,,-5,True
495,495,401019513,2018,8,regular,2018-10-20T19:30:00.000Z,False,True,False,True,13987,4729,Yulman Stadium,2655,Tulane,fbs,American Athletic,23,"[2, 7, 7, 7]",0.9312350259948132,1384.0,1370.0,2567,SMU,fbs,American Athletic,27,"[0, 7, 7, 13]",0.0687649740051867,1274.0,1288.0,9.50445576059999,https://www.youtube.com/watch?v=0kjB34DNC7k,,-4,True
504,504,401019511,2018,8,regular,2018-10-20T23:00:00.000Z,False,True,False,True,42127,3886,Raymond James Stadium,58,South Florida,fbs,American Athletic,38,"[0, 7, 17, 14]",0.886371592442308,1628.0,1603.0,41,UConn,fbs,American Athletic,30,"[7, 0, 7, 16]",0.1136284075576919,947.0,972.0,2.73688779249999,https://www.youtube.com/watch?v=hqFPxL4N5BA,,8,True
506,506,401021678,2018,8,regular,2018-10-20T23:00:00.000Z,False,True,False,True,13235,3817,Malone Stadium,2433,UL Monroe,fbs,Sun Belt,20,"[7, 10, 3, 0]",0.9295406879589796,1136.0,1139.0,326,Texas State,fbs,Sun Belt,14,"[7, 0, 0, 7]",0.0704593120410204,1058.0,1055.0,4.5260014459,https://www.youtube.com/watch?v=UyHfRyeejzM,,6,True
507,507,401015024,2018,8,regular,2018-10-20T23:30:00.000Z,False,True,False,True,13269,3796,Houchens Industries-L.T. Smith Stadium,98,Western Kentucky,fbs,Conference USA,34,"[7, 17, 3, 7]",0.2918901964763947,1282.0,1272.0,295,Old Dominion,fbs,Conference USA,37,"[14, 3, 2, 18]",0.7081098035236053,1192.0,1202.0,7.4426750833,https://www.youtube.com/watch?v=ptjomEMRkDA,,-3,True
511,511,401015023,2018,8,regular,2018-10-20T23:30:00.000Z,False,True,False,True,28014,3803,Legion Field,5,UAB,fbs,Conference USA,29,"[3, 7, 9, 10]",0.9646373033566008,1501.0,1520.0,249,North Texas,fbs,Conference USA,21,"[7, 14, 0, 0]",0.0353626966433991,1606.0,1587.0,6.49124592629999,https://www.youtube.com/watch?v=QkKrhXDi4ng,,8,True
512,512,401012314,2018,8,regular,2018-10-20T23:30:00.000Z,False,True,False,True,54269,3683,Kroger Field,96,Kentucky,fbs,SEC,14,"[0, 7, 0, 7]",0.7742772851294882,1623.0,1625.0,238,Vanderbilt,fbs,SEC,7,"[7, 0, 0, 0]",0.2257227148705117,1479.0,1477.0,5.702876224,https://www.youtube.com/watch?v=nBdy0K_ocn8,,7,True
515,515,401022543,2018,8,regular,2018-10-21T02:30:00.000Z,False,True,False,True,30451,3932,Qualcomm Stadium,21,San Diego State,fbs,Mountain West,16,"[0, 10, 3, 3]",0.8882209553552238,1594.0,1588.0,23,San José State,fbs,Mountain West,13,"[6, 0, 7, 0]",0.1117790446447761,978.0,984.0,6.68840536509999,https://www.youtube.com/watch?v=TzPi07q-h9Q,,3,True
516,516,401012769,2018,8,regular,2018-10-21T02:30:00.000Z,False,True,False,True,54686,1056,Rose Bowl,26,UCLA,fbs,Pac-12,31,"[7, 10, 7, 7]",0.4594482222246004,1441.0,1441.0,12,Arizona,fbs,Pac-12,30,"[0, 7, 13, 10]",0.5405517777753995,1418.0,1418.0,7.15655095889999,https://www.youtube.com/watch?v=kjJKvIdlzYw,,1,True
524,524,401015028,2018,9,regular,2018-10-26T22:30:00.000Z,False,True,False,True,14948,3715,FAU Stadium,2226,Florida Atlantic,fbs,Conference USA,13,"[10, 0, 3, 0]",0.3461119725250899,1454.0,1441.0,2348,Louisiana Tech,fbs,Conference USA,21,"[0, 14, 0, 7]",0.6538880274749101,1487.0,1500.0,6.8127395355,https://www.youtube.com/watch?v=YSns70ZFgJ8,,-8,True
526,526,401012858,2018,9,regular,2018-10-27T00:00:00.000Z,False,True,False,True,33273,3953,Huntington Bank Stadium,135,Minnesota,fbs,Big Ten,38,"[7, 14, 10, 7]",0.9902555107945488,1418.0,1433.0,84,Indiana,fbs,Big Ten,31,"[6, 3, 0, 22]",0.0097444892054512,1514.0,1499.0,4.9835049701,https://www.youtube.com/watch?v=6zW27k693Xk,,7,True
530,530,401013364,2018,9,regular,2018-10-27T16:00:00.000Z,False,True,False,False,24150,3892,Pratt & Whitney Stadium,41,UConn,fbs,American Athletic,17,"[7, 0, 7, 3]",0.0235396295370849,972.0,977.0,113,Massachusetts,fbs,FBS Independents,22,"[3, 0, 6, 13]",0.976460370462915,1177.0,1172.0,5.51915472799999,,,-5,True
535,535,401020768,2018,9,regular,2018-10-27T16:00:00.000Z,False,True,False,True,17582,3768,InfoCision Stadium,2006,Akron,fbs,Mid-American,17,"[7, 10, 0, 0]",0.9933841410257253,1216.0,1226.0,2117,Central Michigan,fbs,Mid-American,10,"[0, 0, 10, 0]",0.0066158589742747,1230.0,1220.0,5.2601965381,,,7,True
540,540,401021682,2018,9,regular,2018-10-27T18:00:00.000Z,False,True,False,True,15648,4246,Center Parc Stadium,2247,Georgia State,fbs,Sun Belt,34,"[7, 6, 21, 0]",0.3056510229828225,1251.0,1244.0,324,Coastal Carolina,fbs,Sun Belt,37,"[17, 3, 7, 10]",0.6943489770171775,1204.0,1211.0,7.2508542543,,,-3,True
541,541,401015026,2018,9,regular,2018-10-27T18:00:00.000Z,False,True,False,True,8687,4418,Jerry Richardson Stadium,2429,Charlotte,fbs,Conference USA,20,"[14, 0, 3, 3]",0.9597277833526554,1153.0,1157.0,2572,Southern Miss,fbs,Conference USA,17,"[0, 0, 3, 14]",0.0402722166473445,1401.0,1397.0,4.8995630735,https://www.youtube.com/watch?v=sDdUWHXU-2U,,3,True
542,542,401013053,2018,9,regular,2018-10-27T19:00:00.000Z,False,True,False,True,15069,3833,Memorial Stadium,2305,Kansas,fbs,Big 12,27,"[7, 0, 10, 10]",0.239925172630055,1278.0,1289.0,2628,TCU,fbs,Big 12,26,"[0, 10, 7, 9]",0.7600748273699449,1671.0,1660.0,8.0615453124,https://www.youtube.com/watch?v=EERwn6vEqIE,,1,True
543,543,401012777,2018,9,regular,2018-10-27T19:00:00.000Z,False,True,False,True,48050,3726,Folsom Field,38,Colorado,fbs,Pac-12,34,"[7, 17, 7, 3, 0]",0.3557935185509054,1589.0,1527.0,204,Oregon State,fbs,Pac-12,41,"[0, 3, 7, 24, 7]",0.6442064814490946,1048.0,1110.0,3.4820160749,https://www.youtube.com/watch?v=gkMlS_chdYk,,-7,True
546,546,401012868,2018,9,regular,2018-10-27T19:30:00.000Z,False,True,False,True,105244,3632,Beaver Stadium,213,Penn State,fbs,Big Ten,30,"[7, 10, 10, 3]",0.9898248851118736,2009.0,2008.0,2294,Iowa,fbs,Big Ten,24,"[12, 5, 0, 7]",0.0101751148881263,1831.0,1832.0,6.669160843,https://www.youtube.com/watch?v=0o-5TdA-Gq0,,6,True
551,551,401019514,2018,9,regular,2018-10-27T19:30:00.000Z,False,True,False,True,16121,3735,Gerald J. Ford Stadium,2567,SMU,fbs,American Athletic,20,"[7, 0, 7, 6, 0]",0.2446231372455077,1288.0,1292.0,2132,Cincinnati,fbs,American Athletic,26,"[7, 0, 10, 3, 6]",0.7553768627544923,1500.0,1496.0,9.02426023769999,https://www.youtube.com/watch?v=idDeNikm5n4,,-6,True
552,552,401016409,2018,9,regular,2018-10-27T19:30:00.000Z,False,True,False,False,51084,3801,LaVell Edwards Stadium,252,BYU,fbs,FBS Independents,6,"[3, 0, 3, 0]",0.4703259370231963,1440.0,1438.0,2459,Northern Illinois,fbs,Mid-American,7,"[0, 0, 7, 0]",0.5296740629768038,1428.0,1430.0,9.23069512829999,https://www.youtube.com/watch?v=7ogPcCXE5XY,,-1,True
553,553,401012776,2018,9,regular,2018-10-27T19:30:00.000Z,False,True,False,True,47406,477,Los Angeles Memorial Coliseum,30,USC,fbs,Pac-12,35,"[7, 7, 14, 7]",0.8680557380567054,1637.0,1631.0,9,Arizona State,fbs,Pac-12,38,"[14, 10, 7, 7]",0.1319442619432945,1609.0,1615.0,6.5141036734,https://www.youtube.com/watch?v=NUb9oY76WNY,,-3,True
555,555,401012322,2018,9,regular,2018-10-27T20:00:00.000Z,False,True,False,True,53397,3838,Memorial Stadium,142,Missouri,fbs,SEC,14,"[0, 14, 0, 0]",0.8949302346402082,1744.0,1734.0,96,Kentucky,fbs,SEC,15,"[3, 0, 0, 12]",0.1050697653597918,1625.0,1635.0,4.4898110256,https://www.youtube.com/watch?v=7MEHWAckEpM,,-1,True
557,557,401012778,2018,9,regular,2018-10-27T22:30:00.000Z,False,True,False,True,39138,3831,California Memorial Stadium,25,California,fbs,Pac-12,12,"[3, 3, 6, 0]",0.5617124712745774,1516.0,1521.0,264,Washington,fbs,Pac-12,10,"[7, 0, 0, 3]",0.4382875287254226,1850.0,1845.0,5.4846209293,https://www.youtube.com/watch?v=U3dZTL-lRdM,,2,True
559,559,401013444,2018,9,regular,2018-10-27T23:00:00.000Z,False,True,False,False,15045,3644,Bobcat Stadium (TX),326,Texas State,fbs,Sun Belt,27,"[13, 7, 7, 0]",0.996152052215452,1055.0,1065.0,166,New Mexico State,fbs,FBS Independents,20,"[0, 13, 7, 0]",0.0038479477845481,1057.0,1047.0,6.667617053,,,7,True
560,560,401021681,2018,9,regular,2018-10-27T23:00:00.000Z,False,True,False,True,17068,3666,Cajun Field,309,Louisiana,fbs,Sun Belt,47,"[21, 10, 3, 13]",0.3825517325165912,1277.0,1286.0,2032,Arkansas State,fbs,Sun Belt,43,"[14, 7, 7, 15]",0.6174482674834088,1463.0,1454.0,8.38211795699999,,,4,True
564,564,401019516,2018,9,regular,2018-10-27T23:00:00.000Z,False,True,False,True,16133,3674,Chapman Stadium,202,Tulsa,fbs,American Athletic,17,"[3, 7, 7, 0]",0.039736004700128,1339.0,1328.0,2655,Tulane,fbs,American Athletic,24,"[0, 7, 7, 10]",0.960263995299872,1370.0,1381.0,7.2662645806,https://www.youtube.com/watch?v=0fJD3OIlgZs,,-7,True
565,565,401012779,2018,9,regular,2018-10-27T23:00:00.000Z,False,True,False,True,39596,3940,Stanford Stadium,24,Stanford,fbs,Pac-12,38,"[14, 14, 3, 7]",0.1970736842160334,1701.0,1694.0,265,Washington State,fbs,Pac-12,41,"[14, 3, 7, 17]",0.8029263157839666,1662.0,1669.0,6.5308544186,https://www.youtube.com/watch?v=k-w4L6uKxKI,,-3,True
568,568,401012323,2018,9,regular,2018-10-27T23:30:00.000Z,False,True,False,True,80614,3994,Williams-Brice Stadium,2579,South Carolina,fbs,SEC,27,"[3, 6, 15, 3]",0.7925813203136197,1620.0,1618.0,2633,Tennessee,fbs,SEC,24,"[7, 7, 10, 0]",0.2074186796863802,1387.0,1389.0,5.4121430522,,,3,True
570,570,401013320,2018,9,regular,2018-10-28T00:00:00.000Z,False,True,False,True,56790,3646,Boone Pickens Stadium,197,Oklahoma State,fbs,Big 12,38,"[17, 14, 0, 7]",0.8511859058736612,1692.0,1693.0,251,Texas,fbs,Big 12,35,"[7, 7, 7, 14]",0.1488140941263388,1731.0,1730.0,6.14238739729999,https://www.youtube.com/watch?v=zq2ImVRU9NQ,,3,True
571,571,401022548,2018,9,regular,2018-10-28T02:30:00.000Z,False,True,False,True,14545,3816,Mackay Stadium,2440,Nevada,fbs,Mountain West,28,"[9, 6, 10, 3]",0.1458894507079428,1357.0,1367.0,21,San Diego State,fbs,Mountain West,24,"[14, 10, 0, 0]",0.8541105492920571,1588.0,1578.0,8.1978995656,https://www.youtube.com/watch?v=z17lnfoFNcg,,4,True
574,574,401020769,2018,10,regular,2018-10-31T00:00:00.000Z,False,True,False,True,13131,3700,Doyt L. Perry Stadium,189,Bowling Green,fbs,Mid-American,28,"[3, 10, 0, 15]",0.020915998218038,1015.0,1001.0,2309,Kent State,fbs,Mid-American,35,"[7, 7, 7, 14]",0.979084001781962,1006.0,1020.0,9.5232569881,,,-7,True
582,582,401012780,2018,10,regular,2018-11-03T02:30:00.000Z,False,True,False,True,43080,3619,Arizona Stadium,12,Arizona,fbs,Pac-12,42,"[0, 26, 9, 7]",0.9990075790231284,1525.0,1537.0,38,Colorado,fbs,Pac-12,34,"[10, 14, 10, 0]",0.0009924209768716,1527.0,1515.0,6.8287135061,https://www.youtube.com/watch?v=mrqHFT-UKys,,8,True
583,583,401013373,2018,10,regular,2018-11-03T12:00:00.000Z,False,True,False,False,38502,3841,Michie Stadium,349,Army,fbs,FBS Independents,17,"[7, 7, 0, 3]",0.6552234689512949,1697.0,1696.0,2005,Air Force,fbs,Mountain West,14,"[0, 0, 6, 8]",0.3447765310487051,1503.0,1504.0,3.457225576,https://www.youtube.com/watch?v=60CK2Ximw6I,,3,True
586,586,401013341,2018,10,regular,2018-11-03T16:00:00.000Z,False,True,False,True,104245,3861,Ohio Stadium,194,Ohio State,fbs,Big Ten,36,"[16, 0, 14, 6]",0.1298485277863955,1929.0,1915.0,158,Nebraska,fbs,Big Ten,31,"[7, 14, 0, 10]",0.8701514722136044,1410.0,1424.0,4.8437619882,https://www.youtube.com/watch?v=TFTK6YuO5a0,,5,True
588,588,401012324,2018,10,regular,2018-11-03T16:00:00.000Z,False,True,False,True,85945,3785,Jordan-Hare Stadium,2,Auburn,fbs,SEC,28,"[7, 7, 0, 14]",0.8002386739389462,1776.0,1776.0,245,Texas A&M,fbs,SEC,24,"[3, 14, 7, 0]",0.1997613260610538,1660.0,1660.0,6.7451409549,https://www.youtube.com/watch?v=EZjH3599aG8,,4,True
590,590,401012328,2018,10,regular,2018-11-03T16:00:00.000Z,False,True,False,True,56798,3974,Vaught-Hemingway Stadium,145,Ole Miss,fbs,SEC,44,"[3, 24, 10, 7]",0.763742999013933,1535.0,1534.0,2579,South Carolina,fbs,SEC,48,"[17, 10, 7, 14]",0.2362570009860669,1618.0,1619.0,8.8294417412,https://www.youtube.com/watch?v=Xe2zrm6QrAk,,-4,True
593,593,401013034,2018,10,regular,2018-11-03T16:00:00.000Z,False,True,False,True,43492,4727,McLane Stadium,239,Baylor,fbs,Big 12,35,"[0, 14, 7, 14]",0.0622686094386117,1360.0,1374.0,197,Oklahoma State,fbs,Big 12,31,"[7, 3, 14, 7]",0.9377313905613884,1693.0,1679.0,8.0957960194,https://www.youtube.com/watch?v=4MBgMSgRP04,,4,True
598,598,401015033,2018,10,regular,2018-11-03T19:00:00.000Z,False,True,False,True,20375,3815,M. M. Roberts Stadium,2572,Southern Miss,fbs,Conference USA,26,"[3, 14, 3, 6]",0.3272227568218306,1397.0,1399.0,276,Marshall,fbs,Conference USA,24,"[3, 7, 7, 7]",0.6727772431781693,1529.0,1527.0,7.9985786829,https://www.youtube.com/watch?v=3mhqjc7pDfk,,2,True
602,602,401013188,2018,10,regular,2018-11-03T19:30:00.000Z,False,True,False,True,100703,3910,DKR-Texas Memorial Stadium,251,Texas,fbs,Big 12,41,"[14, 14, 3, 10]",0.7558556808099953,1730.0,1731.0,277,West Virginia,fbs,Big 12,42,"[10, 17, 0, 15]",0.2441443191900046,1767.0,1766.0,7.9090479608,https://www.youtube.com/watch?v=XFfgnzsGngM,,-1,True
603,603,401015035,2018,10,regular,2018-11-03T19:30:00.000Z,False,True,False,True,18420,3895,Rice Stadium,242,Rice,fbs,Conference USA,26,"[0, 3, 7, 16]",0.016564413790331,988.0,977.0,2638,UTEP,fbs,Conference USA,34,"[7, 20, 7, 0]",0.983435586209669,1049.0,1060.0,3.28517316939999,https://www.youtube.com/watch?v=J07vc_aGJKA,,-8,True
604,604,401013063,2018,10,regular,2018-11-03T19:30:00.000Z,False,True,False,True,40486,3616,Amon G. Carter Stadium,2628,TCU,fbs,Big 12,14,"[7, 0, 7, 0]",0.1373339227070851,1660.0,1657.0,2306,Kansas State,fbs,Big 12,13,"[7, 0, 0, 6]",0.8626660772929149,1552.0,1555.0,5.8941062399,https://www.youtube.com/watch?v=GJtWPNKh-m4,,1,True
605,605,401013365,2018,10,regular,2018-11-03T19:30:00.000Z,False,True,False,False,10338,3985,Warren McGuirk Alumni Stadium,113,Massachusetts,fbs,FBS Independents,62,"[14, 10, 7, 14, 7, 7, 3]",0.965159260070139,1172.0,1175.0,2335,Liberty,fbs,FBS Independents,59,"[14, 10, 0, 21, 7, 7, 0]",0.034840739929861,1354.0,1351.0,9.8487305148,,,3,True
609,609,401012869,2018,10,regular,2018-11-03T19:30:00.000Z,False,True,False,True,60716,3907,Ross-Ade Stadium,2509,Purdue,fbs,Big Ten,38,"[14, 7, 14, 3]",0.7793125757462344,1785.0,1786.0,2294,Iowa,fbs,Big Ten,36,"[7, 10, 6, 13]",0.2206874242537656,1832.0,1831.0,6.83421289839999,https://www.youtube.com/watch?v=3Ux-nKfEIzs,,2,True
620,620,401013163,2018,10,regular,2018-11-03T23:00:00.000Z,False,True,False,True,62754,3948,Hard Rock Stadium,2390,Miami,fbs,ACC,12,"[0, 12, 0, 0]",0.6831950218601207,1738.0,1711.0,150,Duke,fbs,ACC,20,"[7, 0, 10, 3]",0.3168049781398793,1599.0,1626.0,7.22278381259999,https://www.youtube.com/watch?v=-H2UIovKOBQ,,-8,True
627,627,401013069,2018,10,regular,2018-11-04T00:00:00.000Z,False,True,False,True,60454,3784,Jones AT&T Stadium,2641,Texas Tech,fbs,Big 12,46,"[14, 17, 0, 15]",0.0451203304450917,1669.0,1687.0,201,Oklahoma,fbs,Big 12,51,"[7, 21, 7, 16]",0.9548796695549082,2083.0,2065.0,6.3843826731,https://www.youtube.com/watch?v=bF6AJoUTXlg,,-5,True
629,629,401012784,2018,10,regular,2018-11-04T01:00:00.000Z,False,True,False,True,69690,3765,Husky Stadium,264,Washington,fbs,Pac-12,27,"[14, 7, 3, 3]",0.5527707446422581,1845.0,1844.0,24,Stanford,fbs,Pac-12,23,"[0, 0, 14, 9]",0.4472292553577419,1694.0,1695.0,2.99430669039999,https://www.youtube.com/watch?v=eWogrBzOaRc,,4,True
631,631,401016410,2018,10,regular,2018-11-04T02:15:00.000Z,False,True,False,False,35241,3653,Albertsons Stadium,68,Boise State,fbs,Mountain West,21,"[14, 0, 7, 0]",0.3784351478902602,1769.0,1761.0,252,BYU,fbs,FBS Independents,16,"[0, 6, 7, 3]",0.6215648521097398,1438.0,1446.0,4.61427102259999,https://www.youtube.com/watch?v=Erk3XIZmf1Q,,5,True
632,632,401022550,2018,10,regular,2018-11-04T02:15:00.000Z,False,True,False,True,14646,3971,University Stadium (NM),167,New Mexico,fbs,Mountain West,23,"[7, 3, 6, 7]",0.0093629311458747,1258.0,1267.0,21,San Diego State,fbs,Mountain West,31,"[7, 0, 7, 17]",0.9906370688541252,1578.0,1569.0,7.06380831489999,https://www.youtube.com/watch?v=ztlVIr_hHjw,,-8,True
634,634,401012785,2018,10,regular,2018-11-04T02:45:00.000Z,False,True,False,True,32952,3820,Gesa Field,265,Washington State,fbs,Pac-12,19,"[3, 10, 0, 6]",0.9004131246295608,1669.0,1669.0,25,California,fbs,Pac-12,13,"[0, 10, 3, 0]",0.0995868753704392,1521.0,1521.0,5.9224843379,https://www.youtube.com/watch?v=V5YP4jtESN4,,6,True
637,637,401020776,2018,11,regular,2018-11-08T00:00:00.000Z,False,True,False,True,15975,3996,Yager Stadium,193,Miami (OH),fbs,Mid-American,30,"[7, 21, 0, 2]",0.750896789228031,1401.0,1405.0,195,Ohio,fbs,Mid-American,28,"[7, 0, 7, 14]",0.2491032107719689,1725.0,1721.0,4.71338175249999,,,2,True
639,639,401013167,2018,11,regular,2018-11-09T00:30:00.000Z,False,True,False,True,56228,3670,Carter-Finley Stadium,152,NC State,fbs,ACC,23,"[6, 7, 3, 7]",0.120117328369732,1677.0,1652.0,154,Wake Forest,fbs,ACC,27,"[0, 3, 10, 14]",0.8798826716302679,1413.0,1438.0,4.07957927879999,https://www.youtube.com/watch?v=Hf794lrbdnA,,-4,True
641,641,401022556,2018,11,regular,2018-11-10T03:15:00.000Z,False,True,False,True,33118,3653,Albertsons Stadium,68,Boise State,fbs,Mountain West,24,"[3, 0, 7, 14]",0.3319827450958548,1761.0,1773.0,278,Fresno State,fbs,Mountain West,17,"[0, 10, 7, 0]",0.6680172549041452,1807.0,1795.0,5.28829845799999,https://www.youtube.com/watch?v=-kixvogG2f0,,7,True
645,645,401012333,2018,11,regular,2018-11-10T17:00:00.000Z,False,True,False,True,82696,3634,Ben Hill Griffin Stadium,57,Florida,fbs,SEC,35,"[0, 14, 7, 14]",0.8174641482573992,1617.0,1620.0,2579,South Carolina,fbs,SEC,31,"[14, 7, 10, 0]",0.1825358517426007,1619.0,1616.0,7.06577182609999,https://www.youtube.com/watch?v=X660DdJI4xg,,4,True
648,648,401012335,2018,11,regular,2018-11-10T17:00:00.000Z,False,True,False,True,48342,3838,Memorial Stadium,142,Missouri,fbs,SEC,33,"[7, 6, 13, 7]",0.9266764434748715,1780.0,1774.0,238,Vanderbilt,fbs,SEC,28,"[14, 7, 7, 0]",0.0733235565251283,1503.0,1509.0,6.9337368604,,,5,True
651,651,401012859,2018,11,regular,2018-11-10T17:00:00.000Z,False,True,False,True,35264,3830,"Memorial Stadium (Bloomington, IN)",84,Indiana,fbs,Big Ten,34,"[0, 21, 10, 3]",0.0913593056349847,1499.0,1499.0,120,Maryland,fbs,Big Ten,32,"[6, 9, 8, 9]",0.9086406943650152,1485.0,1485.0,6.7767888824,https://www.youtube.com/watch?v=zeXQk5htGsQ,,2,True
652,652,401013054,2018,11,regular,2018-11-10T17:00:00.000Z,False,True,False,True,50062,3636,Bill Snyder Family Stadium,2306,Kansas State,fbs,Big 12,21,"[0, 0, 14, 7]",0.7531327006370352,1555.0,1550.0,2305,Kansas,fbs,Big 12,17,"[0, 3, 7, 7]",0.2468672993629648,1273.0,1278.0,7.7463977043,https://www.youtube.com/watch?v=nv7-k20rpYM,,4,True
657,657,401013170,2018,11,regular,2018-11-10T17:20:00.000Z,False,True,False,True,35493,3982,Wallace Wade Stadium,150,Duke,fbs,ACC,42,"[14, 21, 7, 0]",0.824345227112218,1626.0,1621.0,153,North Carolina,fbs,ACC,35,"[14, 14, 0, 7]",0.1756547728877819,1344.0,1349.0,5.6165157706,https://www.youtube.com/watch?v=CPI5JetvWDU,,7,True
659,659,401012786,2018,11,regular,2018-11-10T19:00:00.000Z,False,True,False,True,46466,3947,Mountain America Stadium,9,Arizona State,fbs,Pac-12,31,"[3, 14, 7, 7]",0.7449592138438796,1676.0,1673.0,26,UCLA,fbs,Pac-12,28,"[7, 7, 7, 7]",0.2550407861561203,1358.0,1361.0,5.7217058467,https://www.youtube.com/watch?v=xMS68ofVhBQ,,3,True
666,666,401013070,2018,11,regular,2018-11-10T20:30:00.000Z,False,True,False,True,87635,3835,"Memorial Stadium (Norman, OK)",201,Oklahoma,fbs,Big 12,48,"[14, 20, 7, 7]",0.3983282420405866,2065.0,2053.0,197,Oklahoma State,fbs,Big 12,47,"[14, 14, 7, 12]",0.6016717579594134,1679.0,1691.0,6.30119838539999,https://www.youtube.com/watch?v=gm9gMHWkzJs,,1,True
668,668,401015042,2018,11,regular,2018-11-10T20:30:00.000Z,False,True,False,True,18062,3918,S.B. Ballard Stadium,295,Old Dominion,fbs,Conference USA,34,"[0, 10, 14, 10]",0.8330834243019493,1122.0,1130.0,249,North Texas,fbs,Conference USA,31,"[14, 14, 3, 0]",0.1669165756980507,1587.0,1579.0,4.7105165106,https://www.youtube.com/watch?v=e6G7J6qMtcw,,3,True
670,670,401012870,2018,11,regular,2018-11-10T20:30:00.000Z,False,True,False,True,66493,3793,Kinnick Stadium,2294,Iowa,fbs,Big Ten,10,"[0, 3, 7, 0]",0.2970710478307857,1831.0,1813.0,77,Northwestern,fbs,Big Ten,14,"[0, 0, 7, 7]",0.7029289521692144,1660.0,1678.0,7.19997638529999,https://www.youtube.com/watch?v=IS7jfftnP-Y,,-4,True
675,675,401019526,2018,11,regular,2018-11-10T21:00:00.000Z,False,True,False,True,20860,4729,Yulman Stadium,2655,Tulane,fbs,American Athletic,24,"[7, 7, 7, 3]",0.7751856802356744,1475.0,1470.0,151,East Carolina,fbs,American Athletic,18,"[3, 7, 0, 8]",0.2248143197643256,1212.0,1217.0,6.539099873,https://www.youtube.com/watch?v=4xWlJfQUrsg,,6,True
682,682,401012789,2018,11,regular,2018-11-10T22:30:00.000Z,False,True,False,True,46275,587,Rice-Eccles Stadium,254,Utah,fbs,Pac-12,32,"[10, 9, 3, 10]",0.8322358686182987,1748.0,1748.0,2483,Oregon,fbs,Pac-12,25,"[0, 7, 10, 8]",0.1677641313817013,1576.0,1576.0,7.6061314488,https://www.youtube.com/watch?v=c5RENwO5Hjo,,7,True
684,684,401013172,2018,11,regular,2018-11-11T00:00:00.000Z,False,True,False,True,48217,721,Bobby Dodd Stadium,59,Georgia Tech,fbs,ACC,27,"[14, 3, 10, 0]",0.8804174916868696,1694.0,1702.0,2390,Miami,fbs,ACC,21,"[7, 7, 0, 7]",0.1195825083131304,1711.0,1703.0,4.6507561199,https://www.youtube.com/watch?v=HF9HVpVMvAs,,6,True
689,689,401015043,2018,11,regular,2018-11-11T00:30:00.000Z,False,True,False,True,25618,3803,Legion Field,5,UAB,fbs,Conference USA,26,"[0, 7, 13, 0, 6]",0.9072938725529496,1626.0,1624.0,2572,Southern Miss,fbs,Conference USA,23,"[7, 6, 0, 7, 3]",0.0927061274470505,1399.0,1401.0,7.291066699,,,3,True
691,691,401012332,2018,11,regular,2018-11-11T00:30:00.000Z,False,True,False,True,64135,3887,Razorback Stadium,8,Arkansas,fbs,SEC,17,"[0, 3, 0, 14]",0.0175471068276704,1392.0,1412.0,99,LSU,fbs,SEC,24,"[7, 7, 10, 0]",0.9824528931723296,1861.0,1841.0,2.2790555565,https://www.youtube.com/watch?v=5FS6ilO2jkw,,-7,True
692,692,401013321,2018,11,regular,2018-11-11T00:30:00.000Z,False,True,False,True,60454,3784,Jones AT&T Stadium,2641,Texas Tech,fbs,Big 12,34,"[7, 3, 0, 24]",0.259922677485596,1687.0,1677.0,251,Texas,fbs,Big 12,41,"[0, 17, 10, 14]",0.740077322514404,1731.0,1741.0,6.4809120183,https://www.youtube.com/watch?v=8_rdYerArxQ,,-7,True
696,696,401012787,2018,11,regular,2018-11-11T03:30:00.000Z,False,True,False,True,56721,477,Los Angeles Memorial Coliseum,30,USC,fbs,Pac-12,14,"[0, 14, 0, 0]",0.6614519104229242,1623.0,1617.0,25,California,fbs,Pac-12,15,"[0, 0, 15, 0]",0.3385480895770758,1521.0,1527.0,6.7848398095,https://www.youtube.com/watch?v=yeusneFqZss,,-1,True
697,697,401022558,2018,11,regular,2018-11-11T03:30:00.000Z,False,True,False,True,24986,3932,Qualcomm Stadium,21,San Diego State,fbs,Mountain West,24,"[0, 14, 10, 0]",0.301695923305841,1569.0,1533.0,2439,UNLV,fbs,Mountain West,27,"[6, 7, 0, 14]",0.698304076694159,1117.0,1153.0,4.5455977023,https://www.youtube.com/watch?v=n4RtB6zM3KM,,-3,True
698,698,401020780,2018,12,regular,2018-11-13T23:00:00.000Z,False,True,False,True,5503,3919,Scheumann Stadium,2050,Ball State,fbs,Mid-American,42,"[7, 14, 7, 7, 7]",0.4772962447413614,1049.0,1056.0,2711,Western Michigan,fbs,Mid-American,41,"[7, 10, 3, 15, 6]",0.5227037552586387,1277.0,1270.0,9.6660712063,https://www.youtube.com/watch?v=30r0SJoaEWU,,1,True
700,700,401020782,2018,12,regular,2018-11-15T01:00:00.000Z,False,True,False,True,4878,3764,Huskie Stadium,2459,Northern Illinois,fbs,Mid-American,7,"[0, 0, 7, 0]",0.8366477366374707,1504.0,1486.0,193,Miami (OH),fbs,Mid-American,13,"[0, 3, 10, 0]",0.1633522633625292,1405.0,1423.0,7.32370789419999,https://www.youtube.com/watch?v=Gf-4efvdYQU,,-6,True
703,703,401015045,2018,12,regular,2018-11-16T02:30:00.000Z,False,True,False,True,18338,3825,DATCU Stadium,249,North Texas,fbs,Conference USA,41,"[17, 3, 14, 7]",0.9738691329996182,1579.0,1580.0,2226,Florida Atlantic,fbs,Conference USA,38,"[7, 14, 10, 7]",0.0261308670003818,1563.0,1562.0,7.55071024619999,https://www.youtube.com/watch?v=9kllNMQzBog,,3,True
706,706,401012878,2018,12,regular,2018-11-17T17:00:00.000Z,False,True,False,True,38177,3665,SECU Stadium,120,Maryland,fbs,Big Ten,51,"[17, 7, 7, 14, 6]",0.155409627820667,1485.0,1504.0,194,Ohio State,fbs,Big Ten,52,"[3, 14, 7, 21, 7]",0.8445903721793329,1945.0,1926.0,10.2560994171,https://www.youtube.com/watch?v=2czvgPJnQj0,,-1,True
709,709,401013036,2018,12,regular,2018-11-17T17:00:00.000Z,False,True,False,True,45140,4727,McLane Stadium,239,Baylor,fbs,Big 12,9,"[6, 0, 3, 0]",0.750145722183778,1375.0,1376.0,2628,TCU,fbs,Big 12,16,"[3, 6, 7, 0]",0.249854277816222,1566.0,1565.0,6.5182349985,https://www.youtube.com/watch?v=HLVyR1NmmSI,,-7,True
710,710,401012887,2018,12,regular,2018-11-17T17:00:00.000Z,False,True,False,True,88793,3834,"Memorial Stadium (Lincoln, NE)",158,Nebraska,fbs,Big Ten,9,"[0, 0, 0, 9]",0.7142320930061122,1453.0,1457.0,127,Michigan State,fbs,Big Ten,6,"[3, 0, 0, 3]",0.2857679069938877,1692.0,1688.0,8.2254778155,https://www.youtube.com/watch?v=JBib78M5Xzk,,3,True
720,720,401022561,2018,12,regular,2018-11-17T19:00:00.000Z,False,True,False,True,19226,5388,Canvas Stadium,36,Colorado State,fbs,Mountain West,24,"[0, 7, 10, 7]",0.3947854695603834,1176.0,1206.0,328,Utah State,fbs,Mountain West,29,"[3, 7, 10, 9]",0.6052145304396166,1812.0,1782.0,3.6584214421,https://www.youtube.com/watch?v=Y4gJ5gqs3xI,,-5,True
722,722,401015044,2018,12,regular,2018-11-17T19:00:00.000Z,False,True,False,True,13371,4418,Jerry Richardson Stadium,2429,Charlotte,fbs,Conference USA,35,"[7, 7, 7, 14]",0.3641597171674599,1150.0,1159.0,2229,Florida International,fbs,Conference USA,42,"[10, 10, 7, 15]",0.63584028283254,1460.0,1451.0,4.457792963,https://www.youtube.com/watch?v=8SFDKtrif2Q,,-7,True
730,730,401013175,2018,12,regular,2018-11-17T20:30:00.000Z,False,True,False,True,57274,3697,Doak Campbell Stadium,52,Florida State,fbs,ACC,22,"[0, 6, 7, 9]",0.4588223261857705,1460.0,1468.0,103,Boston College,fbs,ACC,21,"[0, 7, 7, 7]",0.5411776738142294,1717.0,1709.0,8.3189792929,https://www.youtube.com/watch?v=eP6mA8aKQcA,,1,True
731,731,401012791,2018,12,regular,2018-11-17T20:30:00.000Z,False,True,False,True,57116,1056,Rose Bowl,26,UCLA,fbs,Pac-12,34,"[14, 7, 0, 13]",0.9003033082106421,1361.0,1386.0,30,USC,fbs,Pac-12,27,"[10, 14, 3, 0]",0.0996966917893579,1617.0,1592.0,6.2441539305,https://www.youtube.com/watch?v=OAWuwwf9LfQ,,7,True
732,732,401013327,2018,12,regular,2018-11-17T20:30:00.000Z,False,True,False,True,52842,3646,Boone Pickens Stadium,197,Oklahoma State,fbs,Big 12,45,"[7, 7, 10, 21]",0.8269427509323232,1691.0,1699.0,277,West Virginia,fbs,Big 12,41,"[14, 17, 0, 10]",0.1730572490676768,1857.0,1849.0,6.36825656189999,https://www.youtube.com/watch?v=c-WKysff06E,,4,True
734,734,401013177,2018,12,regular,2018-11-17T20:30:00.000Z,False,True,False,True,37543,721,Bobby Dodd Stadium,59,Georgia Tech,fbs,ACC,30,"[13, 3, 0, 11, 3]",0.0193602807805245,1702.0,1701.0,258,Virginia,fbs,ACC,27,"[14, 7, 0, 6, 0]",0.9806397192194756,1561.0,1562.0,8.1628680817,https://www.youtube.com/watch?v=CCXVuiGfuSw,,3,True
735,735,401019534,2018,12,regular,2018-11-17T20:30:00.000Z,False,True,False,True,31517,3852,Navy-Marine Corps Memorial Stadium,2426,Navy,fbs,American Athletic,37,"[7, 20, 3, 7]",0.9960268644501988,1341.0,1352.0,202,Tulsa,fbs,American Athletic,29,"[7, 9, 0, 13]",0.0039731355498012,1329.0,1318.0,3.47364251,https://www.youtube.com/watch?v=eeahMzPQkgk,,8,True
736,736,401015046,2018,12,regular,2018-11-17T20:30:00.000Z,False,True,False,True,19142,3815,M. M. Roberts Stadium,2572,Southern Miss,fbs,Conference USA,21,"[7, 7, 0, 7]",0.5105281451758806,1401.0,1402.0,2348,Louisiana Tech,fbs,Conference USA,20,"[7, 10, 0, 3]",0.4894718548241193,1407.0,1406.0,7.6286200886,https://www.youtube.com/watch?v=mE5dKuthZNw,,1,True
737,737,401013353,2018,12,regular,2018-11-17T20:30:00.000Z,False,True,False,True,46114,3907,Ross-Ade Stadium,2509,Purdue,fbs,Big Ten,44,"[0, 10, 14, 3, 7, 7, 3]",0.0588041250596223,1638.0,1640.0,275,Wisconsin,fbs,Big Ten,47,"[0, 3, 10, 14, 7, 7, 6]",0.9411958749403776,1740.0,1738.0,8.7045783025,https://www.youtube.com/watch?v=UJFVexMv3ko,,-3,True
741,741,401021696,2018,12,regular,2018-11-17T20:30:00.000Z,False,True,False,True,20437,3975,Veterans Memorial Stadium (AL),2653,Troy,fbs,Sun Belt,12,"[3, 6, 0, 3]",0.7106380248270626,1560.0,1547.0,326,Texas State,fbs,Sun Belt,7,"[0, 0, 0, 7]",0.2893619751729374,1084.0,1097.0,2.4261069224,https://www.youtube.com/watch?v=b_Evnsfi5GI,,5,True
743,743,401022559,2018,12,regular,2018-11-17T21:00:00.000Z,False,True,False,True,14966,3984,War Memorial Stadium,2751,Wyoming,fbs,Mountain West,35,"[14, 0, 0, 21]",0.7289656987315298,1419.0,1438.0,2005,Air Force,fbs,Mountain West,27,"[7, 10, 7, 3]",0.2710343012684701,1522.0,1503.0,4.7668057229,https://www.youtube.com/watch?v=T-dGQ4gBjCU,,8,True
753,753,401012348,2018,12,regular,2018-11-18T00:30:00.000Z,False,True,False,True,24866,3973,FirstBank Stadium,238,Vanderbilt,fbs,SEC,36,"[0, 12, 14, 3, 7]",0.4043041662267378,1509.0,1519.0,145,Ole Miss,fbs,SEC,29,"[3, 10, 6, 10, 0]",0.5956958337732621,1516.0,1506.0,8.8106505873,https://www.youtube.com/watch?v=PywD1zy1Kq8,,7,True
761,761,401012793,2018,12,regular,2018-11-18T03:30:00.000Z,False,True,False,True,50485,3626,Autzen Stadium,2483,Oregon,fbs,Pac-12,31,"[7, 21, 0, 3]",0.5607977920877375,1576.0,1578.0,9,Arizona State,fbs,Pac-12,29,"[3, 10, 3, 13]",0.4392022079122625,1673.0,1671.0,5.0700818366,https://www.youtube.com/watch?v=zJuMqCP8fuo,,2,True
763,763,401022564,2018,12,regular,2018-11-18T04:00:00.000Z,False,True,False,True,25697,3610,Aloha Stadium,62,Hawai'i,fbs,Mountain West,35,"[3, 3, 7, 22]",0.9869449744081532,1173.0,1181.0,2439,UNLV,fbs,Mountain West,28,"[7, 14, 0, 7]",0.0130550255918469,1153.0,1145.0,5.9310788551,https://www.youtube.com/watch?v=MgQ8IhbYHjc,,7,True
765,765,401020786,2018,13,regular,2018-11-21T00:00:00.000Z,False,True,False,True,18278,3980,Waldo Stadium,2711,Western Michigan,fbs,Mid-American,28,"[7, 6, 8, 7]",0.9970729117671554,1270.0,1293.0,2459,Northern Illinois,fbs,Mid-American,21,"[7, 0, 14, 0]",0.0029270882328445,1486.0,1463.0,10.2745855450999,,,7,True
766,766,401022565,2018,13,regular,2018-11-22T20:30:00.000Z,False,True,False,True,17432,3713,Falcon Stadium,2005,Air Force,fbs,Mountain West,27,"[7, 10, 0, 10]",0.8268355315148627,1503.0,1498.0,36,Colorado State,fbs,Mountain West,19,"[0, 13, 0, 6]",0.1731644684851373,1206.0,1211.0,3.9708663332,https://www.youtube.com/watch?v=N7qisMS7amc,,8,True
768,768,401013056,2018,13,regular,2018-11-23T17:00:00.000Z,False,True,False,True,15219,3833,Memorial Stadium,2305,Kansas,fbs,Big 12,17,"[0, 0, 0, 17]",0.0605780367840643,1306.0,1325.0,251,Texas,fbs,Big 12,24,"[7, 0, 14, 3]",0.9394219632159356,1768.0,1749.0,2.6190772109,https://www.youtube.com/watch?v=yPTD9bi-4ao,,-7,True
772,772,401020790,2018,13,regular,2018-11-23T17:00:00.000Z,False,True,False,True,6125,3696,Dix Stadium,2309,Kent State,fbs,Mid-American,20,"[10, 0, 7, 3]",0.1065892014231876,977.0,997.0,2199,Eastern Michigan,fbs,Mid-American,28,"[7, 14, 7, 0]",0.8934107985768124,1467.0,1447.0,4.1048844064,,,-8,True
773,773,401012871,2018,13,regular,2018-11-23T17:00:00.000Z,False,True,False,True,65299,3793,Kinnick Stadium,2294,Iowa,fbs,Big Ten,31,"[7, 14, 7, 3]",0.6978494608462641,1931.0,1926.0,158,Nebraska,fbs,Big Ten,28,"[7, 6, 0, 15]",0.3021505391537359,1457.0,1462.0,4.61959825099999,https://www.youtube.com/watch?v=Kb_58houLEg,,3,True
776,776,401021699,2018,13,regular,2018-11-23T20:00:00.000Z,False,True,False,True,10670,3797,Ladd Peebles Stadium,6,South Alabama,fbs,Sun Belt,31,"[10, 14, 7, 0]",0.6492236335264007,999.0,1002.0,324,Coastal Carolina,fbs,Sun Belt,28,"[0, 7, 7, 14]",0.3507763664735993,1137.0,1134.0,3.7033411852,,,3,True
778,778,401013183,2018,13,regular,2018-11-23T20:30:00.000Z,False,True,False,True,60776,3799,Lane Stadium,259,Virginia Tech,fbs,ACC,34,"[0, 14, 3, 14, 3]",0.1243346706380817,1463.0,1465.0,258,Virginia,fbs,ACC,31,"[0, 0, 14, 17, 0]",0.8756653293619183,1562.0,1560.0,8.39406032899999,https://www.youtube.com/watch?v=g5pXH1LTC4E,,3,True
781,781,401013071,2018,13,regular,2018-11-24T01:00:00.000Z,False,True,False,True,60713,3842,Milan Puskar Stadium,277,West Virginia,fbs,Big 12,56,"[14, 14, 21, 7]",0.1186962205530343,1849.0,1855.0,201,Oklahoma,fbs,Big 12,59,"[14, 21, 10, 14]",0.8813037794469656,2025.0,2019.0,7.6745880879,https://www.youtube.com/watch?v=ofhQm7Q2Qas,,-3,True
786,786,401015051,2018,13,regular,2018-11-24T17:00:00.000Z,False,True,False,True,14862,218,FIU Stadium,2229,Florida International,fbs,Conference USA,25,"[3, 7, 0, 15]",0.9495294659743274,1451.0,1452.0,276,Marshall,fbs,Conference USA,28,"[14, 0, 7, 7]",0.0504705340256725,1538.0,1537.0,5.0114910158,https://www.youtube.com/watch?v=A3kEVBqZJWc,,-3,True
787,787,401012861,2018,13,regular,2018-11-24T17:00:00.000Z,False,True,False,True,48247,3830,"Memorial Stadium (Bloomington, IN)",84,Indiana,fbs,Big Ten,21,"[0, 7, 0, 14]",0.4079583333315227,1517.0,1513.0,2509,Purdue,fbs,Big Ten,28,"[7, 7, 7, 7]",0.5920416666684774,1640.0,1644.0,5.060617719,https://www.youtube.com/watch?v=2ltd-a-atzI,,-7,True
791,791,401019539,2018,13,regular,2018-11-24T17:00:00.000Z,False,True,False,True,20042,4729,Yulman Stadium,2655,Tulane,fbs,American Athletic,29,"[0, 21, 0, 8]",0.4369207916016208,1402.0,1401.0,2426,Navy,fbs,American Athletic,28,"[0, 3, 18, 7]",0.5630792083983791,1352.0,1353.0,5.4721606263,https://www.youtube.com/watch?v=vQ2d5JILlWI,,1,True
792,792,401013187,2018,13,regular,2018-11-24T17:20:00.000Z,False,True,False,True,41510,3787,Kenan Stadium,153,North Carolina,fbs,ACC,28,"[0, 6, 15, 7, 0]",0.2081596398825263,1349.0,1364.0,152,NC State,fbs,ACC,34,"[7, 0, 14, 7, 6]",0.7918403601174737,1723.0,1708.0,8.55942840899999,https://www.youtube.com/watch?v=uiEq_EjcqDY,,-6,True
796,796,401013447,2018,13,regular,2018-11-24T19:00:00.000Z,False,True,False,False,16022,3992,Williams Stadium (VA),2335,Liberty,fbs,FBS Independents,28,"[17, 11, 0, 0]",0.5927834296655954,1218.0,1216.0,166,New Mexico State,fbs,FBS Independents,21,"[14, 0, 0, 7]",0.4072165703344046,1001.0,1003.0,5.2169484441,https://www.youtube.com/watch?v=tNKOAGOBiYg,,7,True
800,800,401012801,2018,13,regular,2018-11-24T20:00:00.000Z,False,True,False,True,38391,1056,Rose Bowl,26,UCLA,fbs,Pac-12,42,"[6, 14, 16, 6]",0.3468031454402939,1386.0,1397.0,24,Stanford,fbs,Pac-12,49,"[10, 17, 14, 8]",0.653196854559706,1714.0,1703.0,6.0275201869,https://www.youtube.com/watch?v=6vkEFEU7U5E,,-7,True
801,801,401021701,2018,13,regular,2018-11-24T20:00:00.000Z,False,True,False,True,18167,3817,Malone Stadium,2433,UL Monroe,fbs,Sun Belt,28,"[0, 21, 0, 7]",0.9301912589931104,1273.0,1270.0,309,Louisiana,fbs,Sun Belt,31,"[14, 10, 0, 7]",0.0698087410068895,1303.0,1306.0,7.10733263949999,https://www.youtube.com/watch?v=e4uVJxPHyNE,,-3,True
805,805,401012815,2018,13,regular,2018-11-24T20:30:00.000Z,False,True,False,True,37124,3911,Ryan Field,77,Northwestern,fbs,Big Ten,24,"[7, 14, 3, 0]",0.930734523956319,1683.0,1664.0,356,Illinois,fbs,Big Ten,16,"[3, 3, 0, 10]",0.069265476043681,1125.0,1144.0,2.2917943048,https://www.youtube.com/watch?v=8GzhmQ6Bn3Q,,8,True
809,809,401012799,2018,13,regular,2018-11-24T20:30:00.000Z,False,True,False,True,51805,3619,Arizona Stadium,12,Arizona,fbs,Pac-12,40,"[10, 12, 18, 0]",0.8485378643434647,1442.0,1451.0,9,Arizona State,fbs,Pac-12,41,"[7, 7, 7, 20]",0.1514621356565353,1671.0,1662.0,6.8753312006,https://www.youtube.com/watch?v=WFtyaCvXQCU,,-1,True
810,810,401019540,2018,13,regular,2018-11-24T20:30:00.000Z,False,True,False,True,17159,3674,Chapman Stadium,202,Tulsa,fbs,American Athletic,27,"[7, 14, 3, 3]",0.9249850802372536,1318.0,1319.0,2567,SMU,fbs,American Athletic,24,"[0, 7, 7, 10]",0.0750149197627464,1354.0,1353.0,5.8888060235,https://www.youtube.com/watch?v=k_xalEWuCRA,,3,True
812,812,401012850,2018,13,regular,2018-11-24T21:00:00.000Z,False,True,False,True,64951,3936,Spartan Stadium,127,Michigan State,fbs,Big Ten,14,"[0, 7, 0, 7]",0.8917710992667998,1688.0,1676.0,164,Rutgers,fbs,Big Ten,10,"[7, 0, 0, 3]",0.1082289007332002,1135.0,1147.0,6.53818389,https://www.youtube.com/watch?v=RDW31qtCT3w,,4,True
814,814,401015050,2018,13,regular,2018-11-24T23:00:00.000Z,False,True,False,True,11638,3715,FAU Stadium,2226,Florida Atlantic,fbs,Conference USA,24,"[7, 14, 0, 3]",0.3,1562.0,1530.0,2429,Charlotte,fbs,Conference USA,27,"[10, 0, 7, 10]",0.7,1159.0,1191.0,,https://www.youtube.com/watch?v=cXNw7NgIMYE,,-3,True
816,816,401015054,2018,13,regular,2018-11-25T00:00:00.000Z,False,True,False,True,19874,3604,Alamodome,2636,UTSA,fbs,Conference USA,21,"[0, 14, 0, 7]",0.4449866687908913,1028.0,1053.0,249,North Texas,fbs,Conference USA,24,"[10, 7, 7, 0]",0.5550133312091087,1580.0,1555.0,3.4115167556,https://www.youtube.com/watch?v=bfFHYnYzKos,,-3,True
819,819,401013047,2018,13,regular,2018-11-25T00:00:00.000Z,False,True,False,True,54430,3772,Jack Trice Stadium,66,Iowa State,fbs,Big 12,42,"[7, 7, 7, 21]",0.8229806523090554,1705.0,1705.0,2306,Kansas State,fbs,Big 12,38,"[0, 21, 10, 7]",0.1770193476909446,1593.0,1593.0,6.1065292137,https://www.youtube.com/watch?v=sTTjgllfdu4,,4,True
821,821,401012356,2018,13,regular,2018-11-25T00:30:00.000Z,False,True,False,True,101501,3795,Kyle Field,245,Texas A&M,fbs,SEC,74,"[7, 10, 7, 7, 3, 7, 8, 3, 6, 8, 8]",0.6786258156883023,1722.0,1724.0,99,LSU,fbs,SEC,72,"[7, 3, 7, 14, 3, 7, 8, 3, 6, 8, 6]",0.3213741843116977,1836.0,1834.0,14.1962593954,https://www.youtube.com/watch?v=36oYtGl-n-s,,2,True
822,822,401013078,2018,13,regular,2018-11-25T01:00:00.000Z,False,True,False,True,42394,3616,Amon G. Carter Stadium,2628,TCU,fbs,Big 12,31,"[0, 7, 17, 7]",0.6496496142939601,1565.0,1582.0,197,Oklahoma State,fbs,Big 12,24,"[3, 0, 7, 14]",0.3503503857060399,1699.0,1682.0,5.2006140619,https://www.youtube.com/watch?v=J2fNLsEU2io,,7,True
823,823,401012800,2018,13,regular,2018-11-25T01:00:00.000Z,False,True,False,False,59821,477,Los Angeles Memorial Coliseum,30,USC,fbs,Pac-12,17,"[7, 3, 0, 7]",0.712444665554002,1592.0,1606.0,87,Notre Dame,fbs,FBS Independents,24,"[0, 7, 10, 7]",0.287555334445998,1967.0,1953.0,4.90141874939999,https://www.youtube.com/watch?v=Lb8oyowI5E0,,-7,True
824,824,401022569,2018,13,regular,2018-11-25T02:30:00.000Z,False,True,False,True,19921,3914,Sam Boyd Stadium,2439,UNLV,fbs,Mountain West,34,"[0, 21, 7, 6]",0.8988927373899628,1145.0,1164.0,2440,Nevada,fbs,Mountain West,29,"[20, 6, 0, 3]",0.1011072626100372,1450.0,1431.0,5.74061668869999,https://www.youtube.com/watch?v=p4uRs7B6pBU,,5,True
825,825,401012802,2018,13,regular,2018-11-25T03:00:00.000Z,False,True,False,False,46017,587,Rice-Eccles Stadium,254,Utah,fbs,Pac-12,35,"[0, 0, 14, 21]",0.8810679731547434,1777.0,1773.0,252,BYU,fbs,FBS Independents,27,"[13, 7, 7, 0]",0.1189320268452566,1511.0,1515.0,5.803233981,https://www.youtube.com/watch?v=OJ_47TU_RL0,,8,True
827,827,401022568,2018,13,regular,2018-11-25T03:30:00.000Z,False,True,False,True,28014,3932,Qualcomm Stadium,21,San Diego State,fbs,Mountain West,30,"[14, 0, 3, 7, 6]",0.0365593252442681,1535.0,1515.0,62,Hawai'i,fbs,Mountain West,31,"[3, 21, 0, 0, 7]",0.963440674755732,1181.0,1201.0,7.67880817539999,https://www.youtube.com/watch?v=3NXmULLkR0I,,-1,True
828,828,401056696,2018,14,regular,2018-12-01T00:00:00.000Z,False,True,True,True,10255,3727,Ford Field,2084,Buffalo,fbs,Mid-American,29,"[7, 15, 7, 0]",0.6276187542628892,1486.0,1486.0,2459,Northern Illinois,fbs,Mid-American,30,"[0, 10, 7, 13]",0.3723812457371108,1463.0,1463.0,6.4427687484,https://www.youtube.com/watch?v=dUuRUkNJGPQ,,-1,True
829,829,401056704,2018,14,regular,2018-12-01T01:00:00.000Z,False,True,True,True,35134,4738,Levi's Stadium,264,Washington,fbs,Pac-12,10,"[0, 3, 7, 0]",0.9912224204265774,1851.0,1861.0,254,Utah,fbs,Pac-12,3,"[0, 0, 3, 0]",0.0087775795734226,1773.0,1763.0,5.0891987974,https://www.youtube.com/watch?v=VBs-anLcrig,,7,True
834,834,401082044,2018,14,regular,2018-12-01T17:00:00.000Z,False,True,False,False,56738,3772,Jack Trice Stadium,66,Iowa State,fbs,Big 12,27,"[7, 13, 7, 0]",0.7083296847994456,,,2181,Drake,fcs,Pioneer,24,"[7, 7, 10, 0]",0.2916703152005544,,,2.0070614511,https://www.youtube.com/watch?v=WvIJYv8IWKU,,3,True
836,836,401056703,2018,14,regular,2018-12-01T18:30:00.000Z,False,True,False,True,15806,3725,"Johnny ""Red"" Floyd Stadium",2393,Middle Tennessee,fbs,Conference USA,25,"[13, 3, 6, 3]",0.3001168475853938,1514.0,1511.0,5,UAB,fbs,Conference USA,27,"[3, 21, 0, 3]",0.6998831524146062,1503.0,1506.0,8.1369105277,https://www.youtube.com/watch?v=nX1ul54uw20,,-2,True
840,840,401056705,2018,14,regular,2018-12-01T21:00:00.000Z,False,True,True,True,77141,5348,Mercedes-Benz Stadium,61,Georgia,fbs,SEC,28,"[7, 14, 7, 0]",0.4660013178034765,2023.0,2035.0,333,Alabama,fbs,SEC,35,"[0, 14, 7, 14]",0.5339986821965235,2336.0,2324.0,7.8032899939,https://www.youtube.com/watch?v=5ykQ8vWaWE8,,-7,True
841,841,401056700,2018,14,regular,2018-12-02T00:45:00.000Z,False,True,False,True,23662,3653,Albertsons Stadium,68,Boise State,fbs,Mountain West,16,"[7, 0, 0, 6, 3]",0.6836751279061986,1811.0,1804.0,278,Fresno State,fbs,Mountain West,19,"[7, 3, 3, 0, 6]",0.3163248720938014,1769.0,1776.0,8.52400924339999,https://www.youtube.com/watch?v=KCFqqIvkPbU,,-3,True
844,844,401013376,2018,15,regular,2018-12-08T20:00:00.000Z,False,True,True,False,66729,3806,Lincoln Financial Field,349,Army,fbs,FBS Independents,17,"[7, 0, 3, 7]",0.9915791915134444,1696.0,1690.0,2426,Navy,fbs,American Athletic,10,"[0, 0, 0, 10]",0.0084208084865554,1353.0,1359.0,3.8055075711,https://www.youtube.com/watch?v=ICA2Cslqs1k,,7,True
848,848,401032056,2018,1,postseason,2018-12-15T22:30:00.000Z,False,True,True,False,17710,3689,Cramton Bowl,2199,Eastern Michigan,fbs,Mid-American,21,"[0, 7, 7, 7]",0.6725210925355142,1447.0,1449.0,290,Georgia Southern,fbs,Sun Belt,23,"[7, 10, 0, 6]",0.3274789074644858,1480.0,1478.0,6.10398061489999,,RAYCOM MEDIA CAMELLIA BOWL,-2,True
853,853,401032061,2018,1,postseason,2018-12-21T17:30:00.000Z,False,True,True,False,13510,4779,Thomas A. Robinson National Stadium,2649,Toledo,fbs,Mid-American,32,"[10, 0, 7, 15]",0.0525444213748579,1555.0,1550.0,2229,Florida International,fbs,Conference USA,35,"[0, 14, 7, 14]",0.947455578625142,1452.0,1457.0,6.4065445818,https://www.youtube.com/watch?v=CaaCivfMlY4,MAKERS WANTED BAHAMAS BOWL,-3,True
855,855,401032063,2018,1,postseason,2018-12-22T17:00:00.000Z,False,True,True,False,25717,3803,Legion Field,154,Wake Forest,fbs,ACC,37,"[7, 17, 6, 7]",0.9962120049982744,1608.0,1618.0,235,Memphis,fbs,American Athletic,34,"[14, 14, 0, 6]",0.0037879950017256,1693.0,1683.0,10.3659694928,https://www.youtube.com/watch?v=0qnzCjgcCJg,JARED BIRMINGHAM BOWL,3,True
860,860,401032069,2018,1,postseason,2018-12-27T02:00:00.000Z,False,True,True,False,33121,4251,Chase Field,2628,TCU,fbs,Big 12,10,"[0, 0, 7, 0, 3]",0.6394552961238886,1582.0,1586.0,25,California,fbs,Pac-12,7,"[7, 0, 0, 0, 0]",0.3605447038761113,1536.0,1532.0,9.2656014849,https://www.youtube.com/watch?v=mby-xiTTg10,CHEEZ-IT BOWL,3,True
863,863,401032072,2018,1,postseason,2018-12-28T02:00:00.000Z,False,True,True,False,51104,3891,NRG Stadium,238,Vanderbilt,fbs,SEC,38,"[14, 7, 7, 10]",0.1778607962609715,1569.0,1551.0,239,Baylor,fbs,Big 12,45,"[10, 7, 14, 14]",0.8221392037390285,1416.0,1434.0,8.7422876961,https://www.youtube.com/watch?v=10YgbXWv7NE,ACADEMY SPORTS + OUTDOORS TEXAS BOWL,-7,True
866,866,401032075,2018,1,postseason,2018-12-29T02:00:00.000Z,False,True,True,False,60675,3604,Alamodome,265,Washington State,fbs,Pac-12,28,"[7, 14, 0, 7]",0.0290460786068473,1782.0,1783.0,66,Iowa State,fbs,Big 12,26,"[0, 10, 10, 6]",0.9709539213931526,1705.0,1704.0,6.0432540772,https://www.youtube.com/watch?v=7lLXklHtpkk,VALERO ALAMO BOWL,2,True
869,869,401035252,2018,1,postseason,2018-12-29T18:15:00.000Z,False,True,True,False,32368,3619,Arizona Stadium,2440,Nevada,fbs,Mountain West,16,"[0, 3, 0, 7, 6]",0.8424371121486587,1431.0,1443.0,2032,Arkansas State,fbs,Sun Belt,13,"[0, 7, 0, 3, 3]",0.1575628878513413,1550.0,1538.0,9.3400539606,https://www.youtube.com/watch?v=toVb3-tFH4s,,3,True
872,872,401032080,2018,1,postseason,2018-12-31T17:00:00.000Z,False,True,True,False,32832,3852,Navy-Marine Corps Memorial Stadium,259,Virginia Tech,fbs,ACC,31,"[7, 7, 10, 7]",0.2714978916810574,1523.0,1530.0,2132,Cincinnati,fbs,American Athletic,35,"[7, 7, 7, 14]",0.7285021083189426,1694.0,1687.0,9.12435337899999,https://www.youtube.com/watch?v=x87pcF-PnBw,,-4,True
873,873,401035251,2018,1,postseason,2018-12-31T19:00:00.000Z,False,True,True,False,40680,3946,Sun Bowl,221,Pittsburgh,fbs,ACC,13,"[0, 10, 3, 0]",0.925203437592752,1592.0,1595.0,24,Stanford,fbs,Pac-12,14,"[0, 7, 0, 7]",0.0747965624072478,1710.0,1707.0,6.8237142855,https://www.youtube.com/watch?v=SW1uQKnNcwc,,-1,True
874,874,401035254,2018,1,postseason,2018-12-31T20:00:00.000Z,False,True,True,False,30212,4738,Levi's Stadium,2483,Oregon,fbs,Pac-12,7,"[0, 0, 0, 7]",0.6703928228644848,1637.0,1640.0,127,Michigan State,fbs,Big Ten,6,"[0, 0, 6, 0]",0.3296071771355152,1676.0,1673.0,8.1047266725,https://www.youtube.com/watch?v=ODB6uBe8hkg,,1,True
875,875,401032081,2018,1,postseason,2018-12-31T20:45:00.000Z,False,True,True,False,51587,3805,Simmons Bank Liberty Stadium,197,Oklahoma State,fbs,Big 12,38,"[7, 7, 21, 3]",0.2720675484727111,1682.0,1705.0,142,Missouri,fbs,SEC,33,"[3, 13, 3, 14]",0.7279324515272889,1874.0,1851.0,7.4956580701,https://www.youtube.com/watch?v=95fCDBTq4Wg,,5,True
878,878,401032083,2018,1,postseason,2019-01-01T17:00:00.000Z,False,True,True,False,40518,3886,Raymond James Stadium,2294,Iowa,fbs,Big Ten,27,"[0, 17, 7, 3]",0.3841651758620589,1926.0,1938.0,344,Mississippi State,fbs,SEC,22,"[6, 0, 13, 3]",0.6158348241379411,1949.0,1937.0,6.8860884014,https://www.youtube.com/watch?v=F-f_y4OETEw,OUTBACK BOWL,5,True
879,879,401032084,2018,1,postseason,2019-01-01T18:00:00.000Z,False,True,True,False,57246,3970,State Farm Stadium,2116,UCF,fbs,American Athletic,32,"[14, 7, 3, 8]",0.0211270981595967,1925.0,1909.0,99,LSU,fbs,SEC,40,"[10, 14, 10, 6]",0.9788729018404032,1834.0,1850.0,5.9207325983,https://www.youtube.com/watch?v=N5gcwUDdzM8,PLAYSTATION FIESTA BOWL,-8,True
880,880,401032088,2018,1,postseason,2019-01-01T18:00:00.000Z,False,True,True,False,59167,4013,Camping World Stadium,213,Penn State,fbs,Big Ten,24,"[0, 7, 0, 17]",0.8863062908760272,1929.0,1916.0,96,Kentucky,fbs,SEC,27,"[10, 0, 17, 0]",0.1136937091239728,1659.0,1672.0,6.4855997127,https://www.youtube.com/watch?v=WF_g4f40kdc,VRBO CITRUS BOWL,-3,True
881,881,401032085,2018,1,postseason,2019-01-01T22:00:00.000Z,False,True,True,False,91853,1056,Rose Bowl,194,Ohio State,fbs,Big Ten,28,"[7, 14, 7, 0]",0.3399460299232839,2018.0,2020.0,264,Washington,fbs,Pac-12,23,"[3, 0, 0, 20]",0.6600539700767161,1861.0,1859.0,3.1781908907,https://www.youtube.com/watch?v=xTJ6Az58Cpc,ROSE BOWL GAME PRESENTED BY NORTHWESTERN MUTUAL,5,True
882,882,401032086,2018,1,postseason,2019-01-02T01:45:00.000Z,False,True,True,False,71449,3493,Caesars Superdome,61,Georgia,fbs,SEC,21,"[0, 7, 0, 14]",0.2033286855299136,2035.0,2006.0,251,Texas,fbs,Big 12,28,"[10, 10, 0, 8]",0.7966713144700864,1742.0,1771.0,4.07633985399999,https://www.youtube.com/watch?v=KA8nIpyxbz0,ALLSTATE SUGAR BOWL,-7,True
